geneID,COG_category,baseMean,mean_broth,mean_plate,log2FC_shrunk,log2FoldChange,lfcSE,stat,pvalue,padj,eggNOG_OGs,Description,Function/Purpose,Preferred_name,GOs,EC,KEGG_ko,KEGG_Pathway,KEGG_Module,KEGG_Reaction,KEGG_rclass,BRITE,KEGG_TC,CAZy,BiGG_Reaction,PFAMs
J2S48_RS20875,P,14926.895,754.3219444,36185.75459,5.546077648,5.577722507,0.298160858,18.70709171,4.33E-78,1.48E-74,"COG0803@1|root,COG0803@2|Bacteria,2GM1K@201174|Actinobacteria,4F45V@85017|Promicromonosporaceae",Zinc-uptake complex component A periplasmic,growth & virulence,-,-,-,ko:K09815,"ko02010,map02010",M00242,-,-,"ko00000,ko00001,ko00002,ko02000","3.A.1.15.3,3.A.1.15.5",-,-,ZnuA
J2S48_RS20100,S,68224.2437,545.3278093,169742.6175,8.231774684,8.279451208,0.458508455,18.05735774,6.90E-73,1.18E-69,"COG3391@1|root,COG3391@2|Bacteria,2GKI4@201174|Actinobacteria,4F575@85017|Promicromonosporaceae",amine dehydrogenase activity,growth,-,-,-,-,-,-,-,-,-,-,-,-,-
J2S48_RS06520,J,5787.159649,318.3691233,13990.34544,5.413564486,5.446310012,0.304709392,17.87378451,1.89E-71,2.15E-68,"COG0024@1|root,COG0024@2|Bacteria,2GKKB@201174|Actinobacteria",Methionine aminopeptidase,protein synthesis,-,-,3.4.11.18,ko:K01265,-,-,-,-,"ko00000,ko01000,ko01002",-,-,-,Peptidase_M24
J2S48_RS19305,E,14277.15292,185.669541,35414.378,7.493338498,7.548772696,0.513709035,14.69464655,6.98E-49,5.95E-46,"COG2755@1|root,COG2755@2|Bacteria,2GKSW@201174|Actinobacteria","PFAM glycoside hydrolase, family 10",digestion,-,-,-,-,-,-,-,-,-,-,-,-,-
J2S48_RS14025,-,4670.230892,312.7519686,11206.44928,5.113419058,5.160861924,0.364634984,14.15350186,1.78E-45,1.01E-42,"2EJW2@1|root,31WMF@2|Bacteria,2HY4N@201174|Actinobacteria,4F524@85017|Promicromonosporaceae",-,,-,-,-,-,-,-,-,-,-,-,-,-,-
J2S48_RS19300,S,1981.025841,74.42986844,4840.919799,5.902920163,5.961369397,0.441127611,13.51393394,1.29E-41,6.27E-39,"COG0730@1|root,COG0730@2|Bacteria,2II68@201174|Actinobacteria,4F4FT@85017|Promicromonosporaceae",Sulfite exporter TauE/SafE,homeostasis & waste removal,-,-,-,ko:K07090,-,-,-,-,ko00000,-,-,-,TauE
J2S48_RS20885,P,7339.110721,810.2027214,17132.47272,4.351833858,4.398786481,0.325726169,13.5045535,1.47E-41,6.27E-39,"COG1108@1|root,COG1108@2|Bacteria,2GJ7H@201174|Actinobacteria,4F38S@85017|Promicromonosporaceae",ABC 3 transport family,,-,-,-,ko:K09816,"ko02010,map02010",M00242,-,-,"ko00000,ko00001,ko00002,ko02000","3.A.1.15.3,3.A.1.15.5",-,-,ABC-3
J2S48_RS19270,,5758.530923,1158.743468,12658.21211,3.417019102,3.452948695,0.26435037,13.06201576,5.43E-39,2.06E-36,,,,,,,,,,,,,,,,
J2S48_RS25080,U,17810.94147,4533.944859,37726.43639,3.025282666,3.056335654,0.240709301,12.69720629,6.13E-37,1.90E-34,"COG1314@1|root,COG1314@2|Bacteria,2GR31@201174|Actinobacteria,4F4TB@85017|Promicromonosporaceae",Preprotein translocase SecG subunit,protein translocation,secG,"GO:0005575,GO:0005623,GO:0005886,GO:0016020,GO:0044464,GO:0071944",-,ko:K03075,"ko02024,ko03060,ko03070,map02024,map03060,map03070",M00335,-,-,"ko00000,ko00001,ko00002,ko02044","3.A.5.1,3.A.5.2",-,-,SecG
J2S48_RS20105,S,1549.454041,155.29181,3640.697388,4.475277156,4.527416646,0.358844497,12.61665339,1.71E-36,4.86E-34,"COG0596@1|root,COG0596@2|Bacteria,2GK79@201174|Actinobacteria,4F3FY@85017|Promicromonosporaceae",Epoxide hydrolase N terminus,detoxification,-,-,-,ko:K21159,"ko01059,map01059",-,-,-,"ko00000,ko00001",-,-,-,EHN
J2S48_RS13985,D,14000.03829,2504.270698,31243.68968,3.606226802,3.642124984,0.291849368,12.47946847,9.66E-36,2.54E-33,"2E4NY@1|root,32ZHR@2|Bacteria,2GQPW@201174|Actinobacteria,4F4Y9@85017|Promicromonosporaceae",Involved in cell division,reproduction,crgA,-,-,-,-,-,-,-,-,-,-,-,CrgA
J2S48_RS13770,K,234002.2898,17202.45145,559202.0472,4.96490421,5.022922146,0.402694578,12.47327979,1.04E-35,2.55E-33,"COG2197@1|root,COG2197@2|Bacteria,2HF28@201174|Actinobacteria,4F4ZR@85017|Promicromonosporaceae","helix_turn_helix, Lux Regulon",,-,-,-,-,-,-,-,-,-,-,-,-,GerE
J2S48_RS18870,S,20328.33985,3854.456451,45039.16494,3.516416092,3.545286067,0.287839902,12.31686796,7.35E-35,1.57E-32,"COG2229@1|root,COG2229@2|Bacteria,2GJIT@201174|Actinobacteria,4F42W@85017|Promicromonosporaceae",Conserved hypothetical ATP binding protein,,-,-,-,ko:K06945,-,-,-,-,ko00000,-,-,-,ATP_bind_1
J2S48_RS02320,S,1279.537388,75.6267049,3085.403412,5.319776427,5.392230725,0.458527368,11.75988852,6.28E-32,1.13E-29,"COG0523@1|root,COG0523@2|Bacteria,2HNN0@201174|Actinobacteria,4F0DD@85016|Cellulomonadaceae",PFAM cobalamin synthesis CobW domain protein,,-,-,-,-,-,-,-,-,-,-,-,-,"CobW_C,cobW"
J2S48_RS14420,T,14699.4208,2241.95095,33385.62558,3.845753329,3.898100981,0.332850109,11.71128046,1.12E-31,1.81E-29,"COG1366@1|root,COG1366@2|Bacteria,2HXXA@201174|Actinobacteria,4F4SQ@85017|Promicromonosporaceae",STAS domain,,-,-,-,-,-,-,-,-,-,-,-,-,STAS_2
J2S48_RS00300,S,4596.1573,584.4723777,10613.68468,4.136871587,4.193661837,0.369294982,11.35585925,6.94E-30,1.03E-27,"COG5620@1|root,COG5620@2|Bacteria,2GS1C@201174|Actinobacteria,4F4S8@85017|Promicromonosporaceae","Psort location Cytoplasmic, score",,-,-,-,-,-,-,-,-,-,-,-,-,-
J2S48_RS18920,G,3246.248717,799.0620519,6917.028714,3.070817111,3.114086455,0.287651995,10.82588165,2.60E-27,3.16E-25,"COG1172@1|root,COG1172@2|Bacteria,2GJDW@201174|Actinobacteria,4F3DS@85017|Promicromonosporaceae",Belongs to the binding-protein-dependent transport system permease family,,-,-,-,ko:K10440,"ko02010,map02010",M00212,-,-,"ko00000,ko00001,ko00002,ko02000","3.A.1.2.1,3.A.1.2.13,3.A.1.2.19",-,-,BPD_transp_2
J2S48_RS06970,S,1174.102444,177.9621825,2668.312836,3.864396724,3.923486585,0.363536184,10.79256139,3.73E-27,4.39E-25,"COG3173@1|root,COG3173@2|Bacteria,2GMHD@201174|Actinobacteria",Aminoglycoside phosphotransferase,antibiotic resistance,-,-,-,-,-,-,-,-,-,-,-,-,APH
J2S48_RS12905,C,2252.216072,218.5959885,5302.646198,4.511505769,4.582912328,0.425654195,10.76675005,4.94E-27,5.44E-25,"COG1804@1|root,COG1804@2|Bacteria,2GIU7@201174|Actinobacteria",L-carnitine dehydratase bile acid-inducible protein F,,-,-,2.8.3.16,ko:K07749,-,-,-,-,"ko00000,ko01000",-,-,-,CoA_transf_3
J2S48_RS15180,K,1485.935709,323.5168904,3229.563936,3.261522577,3.313179886,0.310783034,10.66074888,1.55E-26,1.61E-24,"COG1414@1|root,COG1414@2|Bacteria,2GNHA@201174|Actinobacteria",Transcriptional regulator,,pcaR,-,-,ko:K02624,-,-,-,-,"ko00000,ko03000",-,-,-,"HTH_IclR,IclR"
J2S48_RS14525,,9995.976897,3188.569866,20207.08744,2.619886471,2.662883048,0.258057348,10.31895845,5.78E-25,5.20E-23,,,,,,,,,,,,,,,,
J2S48_RS16725,S,1489.034434,151.2178324,3495.759335,4.47945316,4.557212801,0.441602098,10.31972633,5.74E-25,5.20E-23,"COG2340@1|root,COG2340@2|Bacteria,2HF2J@201174|Actinobacteria,4F50J@85017|Promicromonosporaceae",Cysteine-rich secretory protein family,,-,-,-,-,-,-,-,-,-,-,-,-,CAP
J2S48_RS04025,C,1897.988816,150.6177319,4519.045443,4.799720867,4.896185007,0.48517624,10.09155973,6.02E-24,5.14E-22,"COG1620@1|root,COG1620@2|Bacteria,2GIUF@201174|Actinobacteria",L-lactate permease,energy,-,-,-,ko:K03303,-,-,-,-,"ko00000,ko02000",2.A.14,-,-,Lactate_perm
J2S48_RS21085,,3025.71876,415.2686614,6941.393909,4.006920751,4.07829198,0.407635583,10.00474971,1.45E-23,1.18E-21,,,,,,,,,,,,,,,,
J2S48_RS13420,O,11407.81336,784.8685946,27342.23051,5.022170995,5.121455527,0.527500039,9.708919718,2.76E-22,2.14E-20,"COG1404@1|root,COG3055@1|root,COG1404@2|Bacteria,COG3055@2|Bacteria,2HQIW@201174|Actinobacteria,4F5H7@85017|Promicromonosporaceae",Subtilase family,,bpr,"GO:0005575,GO:0005576",3.2.1.4,"ko:K01179,ko:K13276","ko00500,ko01100,map00500,map01100",-,"R06200,R11307,R11308",-,"ko00000,ko00001,ko01000,ko01002,ko03110",-,"GH5,GH9",-,"CarbopepD_reg_2,CarboxypepD_reg,Inhibitor_I9,Malectin,PKD,Peptidase_M6,Peptidase_S8"
J2S48_RS07055,Q,1142.592725,217.3971476,2530.38609,3.484970999,3.550236254,0.366521007,9.686310435,3.45E-22,2.61E-20,"COG2124@1|root,COG2124@2|Bacteria,2GJKV@201174|Actinobacteria",Belongs to the cytochrome P450 family,,-,-,-,-,-,-,-,-,-,-,-,-,p450
J2S48_RS17310,,1227.597565,220.6868946,2737.963571,3.568896686,3.636928948,0.379970273,9.571614422,1.05E-21,7.64E-20,,,,,,,,,,,,,,,,
J2S48_RS02120,,788.014066,89.11392912,1836.364271,4.298965139,4.385837265,0.459036115,9.55444926,1.24E-21,8.83E-20,,,,,,,,,,,,,,,,
J2S48_RS11240,G,5857.055166,1315.649182,12669.16414,3.213181777,3.27234477,0.344026135,9.5119075,1.87E-21,1.30E-19,"COG1879@1|root,COG1879@2|Bacteria,2GJ0Z@201174|Actinobacteria,4F3X6@85017|Promicromonosporaceae",Periplasmic binding protein domain,,-,-,-,"ko:K02058,ko:K10439","ko02010,ko02030,map02010,map02030","M00212,M00221",-,-,"ko00000,ko00001,ko00002,ko02000","3.A.1.2,3.A.1.2.1,3.A.1.2.13,3.A.1.2.19",-,-,Peripla_BP_4
J2S48_RS11225,G,7477.138909,1337.073661,16687.23678,3.568000492,3.637947969,0.386573665,9.410749604,4.93E-21,3.17E-19,"COG1172@1|root,COG1172@2|Bacteria,2GJDW@201174|Actinobacteria,4F3Y7@85017|Promicromonosporaceae",Branched-chain amino acid transport system / permease component,,-,-,-,"ko:K02057,ko:K10440,ko:K17209","ko02010,map02010","M00212,M00221,M00592",-,-,"ko00000,ko00001,ko00002,ko02000","3.A.1.2,3.A.1.2.1,3.A.1.2.13,3.A.1.2.19,3.A.1.2.21",-,-,BPD_transp_2
J2S48_RS20880,P,2368.242892,209.7648619,5605.959937,4.667642198,4.766202956,0.506422395,9.411516956,4.89E-21,3.17E-19,"COG1121@1|root,COG1121@2|Bacteria,2GP3A@201174|Actinobacteria,4F3EE@85017|Promicromonosporaceae",ABC transporter,,mntB,-,-,ko:K09817,"ko02010,map02010",M00242,-,-,"ko00000,ko00001,ko00002,ko01000,ko02000","3.A.1.15.3,3.A.1.15.5",-,-,ABC_tran
J2S48_RS07235,S,2873.546502,642.1037517,6220.710629,3.204922324,3.267663684,0.347631563,9.39978999,5.47E-21,3.39E-19,"COG2270@1|root,COG2270@2|Bacteria,2I416@201174|Actinobacteria",Major facilitator Superfamily,,-,-,-,-,-,-,-,-,-,-,-,-,MFS_1
J2S48_RS09620,,1417.287434,276.8411056,3127.956927,3.421790619,3.487275199,0.371412364,9.389227555,6.04E-21,3.68E-19,,,,,,,,,,,,,,,,
J2S48_RS16875,E,3661.486826,697.9343666,8106.815516,3.461973061,3.530896766,0.376215649,9.3853001,6.27E-21,3.76E-19,"COG0747@1|root,COG0747@2|Bacteria,2GNKN@201174|Actinobacteria,4F5FT@85017|Promicromonosporaceae","Bacterial extracellular solute-binding proteins, family 5 Middle",,-,-,-,ko:K02035,"ko02024,map02024",M00239,-,-,"ko00000,ko00001,ko00002,ko02000",3.A.1.5,-,-,SBP_bac_5
J2S48_RS19745,S,2648.089068,522.6166871,5836.297639,3.406371834,3.471585197,0.373110213,9.304449662,1.35E-20,7.93E-19,"COG3181@1|root,COG3181@2|Bacteria,2I3SR@201174|Actinobacteria,4DFFQ@85008|Micromonosporales",Tripartite tricarboxylate transporter family receptor,,-,-,-,-,-,-,-,-,-,-,-,-,TctC
J2S48_RS12825,T,5808.188809,731.1148052,13423.79982,4.114567119,4.203859869,0.454581704,9.247754216,2.29E-20,1.33E-18,"COG3290@1|root,COG3290@2|Bacteria,2GIRZ@201174|Actinobacteria",signal transduction histidine kinase regulating citrate malate metabolism,,-,-,2.7.13.3,ko:K02476,-,-,-,-,"ko00000,ko01000,ko01001,ko02022",-,-,-,"HATPase_c,PAS,PAS_4,PAS_8,SPOB_a,sCache_3_2"
J2S48_RS02165,L,1029.016747,217.7537565,2245.911233,3.309104081,3.378533565,0.368869703,9.159151683,5.23E-20,2.83E-18,"COG0507@1|root,COG3410@1|root,COG0507@2|Bacteria,COG3410@2|Bacteria,2HNSJ@201174|Actinobacteria",Uncharacterized conserved protein (DUF2075),,-,-,-,ko:K09384,-,-,-,-,ko00000,-,-,-,DUF2075
J2S48_RS20130,G,6068.61566,2342.829017,11657.29563,2.275628808,2.315389086,0.253487132,9.134148434,6.59E-20,3.52E-18,"COG1653@1|root,COG1653@2|Bacteria,2GNI2@201174|Actinobacteria,4F50U@85017|Promicromonosporaceae",Bacterial extracellular solute-binding protein,,smoE,-,-,"ko:K02027,ko:K10227","ko02010,map02010","M00200,M00207",-,-,"ko00000,ko00001,ko00002,ko02000","3.A.1.1,3.A.1.1.5",-,-,SBP_bac_1
J2S48_RS18880,P,14006.18169,4082.650931,28891.47783,2.766416206,2.822557378,0.309967548,9.105977038,8.55E-20,4.49E-18,"COG2072@1|root,COG2072@2|Bacteria,2GMDH@201174|Actinobacteria",flavoprotein involved in K transport,,-,-,-,-,-,-,-,-,-,-,-,-,FMO-like
J2S48_RS19345,S,1501.540143,414.3431654,3132.335611,2.853745596,2.910833174,0.323093037,9.009272367,2.07E-19,1.06E-17,"COG3397@1|root,COG3397@2|Bacteria,2GM54@201174|Actinobacteria,4F5HH@85017|Promicromonosporaceae","Lytic polysaccharide mono-oxygenase, cellulose-degrading",,-,-,-,-,-,-,-,-,-,-,-,-,"CBM_5_12,LPMO_10"
J2S48_RS14920,C,54067.29024,20202.53029,104864.4302,2.336572827,2.375673565,0.263984485,8.999292379,2.27E-19,1.14E-17,"COG1071@1|root,COG1071@2|Bacteria,2GK3W@201174|Actinobacteria,4F464@85017|Promicromonosporaceae",Dehydrogenase E1 component,,pdhA,-,"1.2.4.1,1.2.4.4","ko:K00161,ko:K00166","ko00010,ko00020,ko00280,ko00620,ko00640,ko01100,ko01110,ko01120,ko01130,ko01200,ko04066,ko04922,ko05230,map00010,map00020,map00280,map00620,map00640,map01100,map01110,map01120,map01130,map01200,map04066,map04922,map05230","M00036,M00307","R00014,R00209,R01699,R03270,R07599,R07600,R07601,R07602,R07603,R07604,R10996,R10997","RC00004,RC00027,RC00627,RC02742,RC02743,RC02744,RC02882,RC02883,RC02949,RC02953","br01601,ko00000,ko00001,ko00002,ko01000",-,-,-,E1_dh
J2S48_RS12910,P,1535.417485,147.9512049,3616.616905,4.504121929,4.608206526,0.514522085,8.956285189,3.36E-19,1.66E-17,"COG0471@1|root,COG0471@2|Bacteria,2GKEG@201174|Actinobacteria",Dicarboxylate carrier,,-,-,-,-,-,-,-,-,-,-,-,-,"CitMHS,MatC_N"
J2S48_RS06720,O,1538.54241,93.87231567,3705.547551,5.193585722,5.317154512,0.597719172,8.895740274,5.80E-19,2.83E-17,"COG0492@1|root,COG0492@2|Bacteria,2GIXN@201174|Actinobacteria",pyridine nucleotide-disulphide oxidoreductase,,-,-,-,-,-,-,-,-,-,-,-,-,Pyr_redox_2
J2S48_RS11320,G,836.6669592,202.7458585,1787.54861,3.06764977,3.132964887,0.352804283,8.880178162,6.68E-19,3.21E-17,"COG0395@1|root,COG0395@2|Bacteria,2GJPZ@201174|Actinobacteria",Binding-protein-dependent transport systems inner membrane component,,-,-,-,ko:K02026,-,M00207,-,-,"ko00000,ko00002,ko02000",3.A.1.1,-,-,BPD_transp_1
J2S48_RS13070,S,1426.029536,438.6034332,2907.168691,2.675328024,2.729146627,0.307985303,8.861288521,7.91E-19,3.75E-17,"COG1937@1|root,COG1937@2|Bacteria,2IQAC@201174|Actinobacteria,4F4RQ@85017|Promicromonosporaceae",Metal-sensitive transcriptional repressor,,csoR,-,-,ko:K21600,-,-,-,-,"ko00000,ko03000",-,-,-,Trns_repr_metal
J2S48_RS18855,T,28606.83692,10738.27661,55409.67738,2.315899528,2.366938623,0.2679212,8.834458139,1.01E-18,4.64E-17,"COG0642@1|root,COG0642@2|Bacteria,2GKZQ@201174|Actinobacteria","Pfam Histidine kinase-, DNA gyrase B-, and HSP90-like ATPase",,-,-,-,-,-,-,-,-,-,-,-,-,HATPase_c
J2S48_RS25910,C,2547.031374,315.8251344,5893.840733,4.140947265,4.239777592,0.484108417,8.757909259,1.99E-18,9.05E-17,"COG1053@1|root,COG1053@2|Bacteria,2GJ45@201174|Actinobacteria,4F4AM@85017|Promicromonosporaceae",Fumarate reductase flavoprotein C-term,,sdhA,"GO:0000104,GO:0000166,GO:0001539,GO:0003674,GO:0003824,GO:0005488,GO:0005575,GO:0005622,GO:0005623,GO:0005737,GO:0005829,GO:0005886,GO:0006091,GO:0006113,GO:0006928,GO:0006950,GO:0006974,GO:0006996,GO:0008150,GO:0008152,GO:0009055,GO:0009061,GO:0009987,GO:0015980,GO:0016020,GO:0016043,GO:0016491,GO:0016627,GO:0022607,GO:0022900,GO:0030030,GO:0030031,GO:0032991,GO:0033554,GO:0036094,GO:0040011,GO:0043167,GO:0043168,GO:0044085,GO:0044237,GO:0044424,GO:0044425,GO:0044444,GO:0044459,GO:0044464,GO:0044780,GO:0044781,GO:0045273,GO:0045274,GO:0045283,GO:0045284,GO:0045333,GO:0048037,GO:0048870,GO:0050660,GO:0050662,GO:0050896,GO:0051179,GO:0051674,GO:0051716,GO:0055114,GO:0070469,GO:0070470,GO:0070925,GO:0071840,GO:0071944,GO:0071949,GO:0071973,GO:0097159,GO:0097588,GO:0098796,GO:0098797,GO:0098803,GO:1901265,GO:1901363","1.3.5.1,1.3.5.4,1.4.3.16","ko:K00239,ko:K00278","ko00020,ko00190,ko00250,ko00650,ko00720,ko00760,ko01100,ko01110,ko01120,ko01130,ko01200,ko05134,map00020,map00190,map00250,map00650,map00720,map00760,map01100,map01110,map01120,map01130,map01200,map05134","M00009,M00011,M00115,M00149,M00173,M00374,M00376","R00357,R00481,R02164","RC00006,RC00045,RC02566","ko00000,ko00001,ko00002,ko01000",-,-,-,"FAD_binding_2,Succ_DH_flav_C"
J2S48_RS18320,J,23073.68505,6165.650563,48435.73679,2.918628408,2.974060999,0.342089241,8.693816238,3.50E-18,1.55E-16,"COG0254@1|root,COG0254@2|Bacteria,2IQ4I@201174|Actinobacteria,4F4V8@85017|Promicromonosporaceae",Binds the 23S rRNA,,rpmE,"GO:0008150,GO:0040007",-,ko:K02909,"ko03010,map03010",M00178,-,-,"br01610,ko00000,ko00001,ko00002,ko03011",-,-,-,Ribosomal_L31
J2S48_RS02340,J,5023.99776,281.4281504,12137.85218,5.290682016,5.426848992,0.631847349,8.588860897,8.78E-18,3.75E-16,"COG0254@1|root,COG0254@2|Bacteria,2IQ4I@201174|Actinobacteria,4F5TS@85017|Promicromonosporaceae",Ribosomal protein L31,,rpmE2,-,-,ko:K02909,"ko03010,map03010",M00178,-,-,"br01610,ko00000,ko00001,ko00002,ko03011",-,-,-,Ribosomal_L31
J2S48_RS19820,C,1342.18943,477.6848349,2638.946323,2.416112594,2.468493072,0.294129323,8.39254327,4.76E-17,1.96E-15,"COG1012@1|root,COG1012@2|Bacteria,2GYXB@201174|Actinobacteria",Aldehyde dehydrogenase family,,-,-,-,-,-,-,-,-,-,-,-,-,Aldedh
J2S48_RS17385,E,9564.429998,950.1333362,22485.87499,4.44832554,4.560679486,0.544185038,8.380751338,5.26E-17,2.14E-15,"COG2355@1|root,COG2355@2|Bacteria,2HZ6F@201174|Actinobacteria,4DPCY@85009|Propionibacteriales","Zn-dependent dipeptidase, microsomal dipeptidase",,-,-,-,-,-,-,-,-,-,-,-,-,-
J2S48_RS19520,,743.8419195,118.8414025,1681.342695,3.763140112,3.860525971,0.461052016,8.373298098,5.60E-17,2.25E-15,,,,,,,,,,,,,,,,
J2S48_RS04250,P,2436.781777,543.1397913,5277.244754,3.20409037,3.282134893,0.394311323,8.323714537,8.52E-17,3.38E-15,"COG0735@1|root,COG0735@2|Bacteria,2IFBR@201174|Actinobacteria,4F4QF@85017|Promicromonosporaceae",Ferric uptake regulator family,,fur,-,-,"ko:K03711,ko:K22297",-,-,-,-,"ko00000,ko03000",-,-,-,FUR
J2S48_RS06730,-,3928.693355,1712.611081,7252.816765,2.035378927,2.080905949,0.251222147,8.283130974,1.20E-16,4.60E-15,"2B6HV@1|root,31ZG6@2|Bacteria,2I0TK@201174|Actinobacteria,4F5WK@85017|Promicromonosporaceae",-,,-,-,-,-,-,-,-,-,-,-,-,-,-
J2S48_RS18915,G,2830.269033,903.2997296,5720.722989,2.605095295,2.669085392,0.32220616,8.283781398,1.19E-16,4.60E-15,"COG1129@1|root,COG1129@2|Bacteria,2GJ3F@201174|Actinobacteria,4F3PE@85017|Promicromonosporaceae",ATPases associated with a variety of cellular activities,,-,-,3.6.3.17,ko:K10441,"ko02010,map02010",M00212,-,-,"ko00000,ko00001,ko00002,ko01000,ko02000","3.A.1.2.1,3.A.1.2.13,3.A.1.2.19",-,-,ABC_tran
J2S48_RS24730,,5313.49647,609.4265411,12369.60136,4.232139981,4.347443317,0.527801184,8.23689573,1.77E-16,6.42E-15,,,,,,,,,,,,,,,,
J2S48_RS12715,K,540.6166239,128.106944,1159.381144,3.124177086,3.202996575,0.390287482,8.206762249,2.27E-16,8.08E-15,"COG1609@1|root,COG1609@2|Bacteria,2GJHF@201174|Actinobacteria,4F2K4@85016|Cellulomonadaceae",periplasmic binding protein LacI transcriptional regulator,,-,-,-,-,-,-,-,-,-,-,-,-,"LacI,Peripla_BP_3"
J2S48_RS12830,,794.0910369,177.9193028,1718.348638,3.204813194,3.287717178,0.404743234,8.122970083,4.55E-16,1.55E-14,,,,,,,,,,,,,,,,
J2S48_RS22820,K,3142.17677,1321.110341,5873.776414,2.106602689,2.151181861,0.264903958,8.120610486,4.64E-16,1.57E-14,"COG1414@1|root,COG1414@2|Bacteria,2GP2W@201174|Actinobacteria",Transcriptional regulator,,-,-,-,-,-,-,-,-,-,-,-,-,"HTH_IclR,IclR"
J2S48_RS14735,S,2976.485374,968.3906063,5988.627525,2.565659993,2.627668015,0.325565888,8.071079052,6.97E-16,2.33E-14,"COG3402@1|root,COG3402@2|Bacteria,2I2JX@201174|Actinobacteria,4F4GM@85017|Promicromonosporaceae",Bacterial PH domain,,-,-,-,-,-,-,-,-,-,-,-,-,bPH_2
J2S48_RS22865,S,1901.155279,309.1216514,4289.205719,3.692878115,3.796440873,0.47414607,8.00690149,1.18E-15,3.82E-14,"COG1942@1|root,COG1942@2|Bacteria,2IS20@201174|Actinobacteria",Tautomerase enzyme,,-,-,5.3.2.6,ko:K01821,"ko00362,ko00621,ko00622,ko01100,ko01120,ko01220,map00362,map00621,map00622,map01100,map01120,map01220",M00569,"R03966,R05389","RC01040,RC01355","ko00000,ko00001,ko00002,ko01000",-,-,-,Tautomerase
J2S48_RS21685,S,320.9568046,46.08738544,733.2609334,3.857240476,3.967747812,0.49863628,7.957198411,1.76E-15,5.61E-14,"COG1942@1|root,COG1942@2|Bacteria,2IR4N@201174|Actinobacteria,4F4GY@85017|Promicromonosporaceae",Tautomerase enzyme,,-,-,-,-,-,-,-,-,-,-,-,-,Tautomerase_2
J2S48_RS16890,P,2899.037109,1010.360414,5732.052152,2.443927148,2.502236182,0.315673459,7.926660016,2.25E-15,7.11E-14,"COG0444@1|root,COG0444@2|Bacteria,2IAWG@201174|Actinobacteria,4F58E@85017|Promicromonosporaceae","Oligopeptide/dipeptide transporter, C-terminal region",,-,-,-,ko:K02031,"ko02024,map02024",M00239,-,-,"ko00000,ko00001,ko00002,ko02000",3.A.1.5,-,-,"ABC_tran,oligo_HPY"
J2S48_RS16880,EP,1301.718288,225.7300759,2915.700605,3.583036555,3.6855579,0.466596812,7.898806433,2.82E-15,8.74E-14,"COG0601@1|root,COG0601@2|Bacteria,2GM72@201174|Actinobacteria,4F582@85017|Promicromonosporaceae",Binding-protein-dependent transport system inner membrane component,,-,-,-,ko:K02033,"ko02024,map02024",M00239,-,-,"ko00000,ko00001,ko00002,ko02000",3.A.1.5,-,-,BPD_transp_1
J2S48_RS01875,,1204.70048,310.903503,2545.395944,2.965077584,3.045013853,0.386560639,7.877195821,3.35E-15,1.02E-13,,,,,,,,,,,,,,,,
J2S48_RS07805,GM,809.8716839,245.3512647,1656.652313,2.683526383,2.753683679,0.350964129,7.846054482,4.29E-15,1.29E-13,"COG1682@1|root,COG1682@2|Bacteria,2GP5K@201174|Actinobacteria,4F509@85017|Promicromonosporaceae",ABC-2 type transporter,,tagG,-,-,ko:K09692,"ko02010,map02010",M00251,-,-,"ko00000,ko00001,ko00002,ko02000",3.A.1.104,-,-,ABC2_membrane
J2S48_RS16555,K,59568.7689,4199.869761,142622.1176,4.934560715,5.085587524,0.648667158,7.840057049,4.50E-15,1.34E-13,"COG1278@1|root,COG1278@2|Bacteria,2GQRU@201174|Actinobacteria,4F4W7@85017|Promicromonosporaceae",Cold shock protein domain,,scoF4,-,-,ko:K03704,-,-,-,-,"ko00000,ko03000",-,-,-,CSD
J2S48_RS07360,S,3904.653124,488.9845536,9028.155979,4.08690507,4.210612599,0.540664745,7.787843834,6.82E-15,1.99E-13,"COG4147@1|root,COG4147@2|Bacteria,2GJ56@201174|Actinobacteria,4F3VC@85017|Promicromonosporaceae",Belongs to the sodium solute symporter (SSF) (TC 2.A.21) family,,-,-,-,ko:K14393,-,-,-,-,"ko00000,ko02000",2.A.21.7,-,-,SSF
J2S48_RS14750,CH,6920.397858,1481.448936,15078.82124,3.254516173,3.345804385,0.429640175,7.787456998,6.84E-15,1.99E-13,"COG0654@1|root,COG0654@2|Bacteria,2GKUZ@201174|Actinobacteria",COG0654 2-polyprenyl-6-methoxyphenol hydroxylase and related FAD-dependent oxidoreductases,,-,-,1.14.13.20,ko:K10676,"ko00361,ko01100,ko01120,ko01220,map00361,map01100,map01120,map01220",-,"R03997,R05441",RC00046,"ko00000,ko00001,ko01000",-,-,-,FAD_binding_3
J2S48_RS07850,M,933.6660085,144.832656,2116.916037,3.729791572,3.841045947,0.495044111,7.75899735,8.56E-15,2.41E-13,"COG0677@1|root,COG0677@2|Bacteria,2I765@201174|Actinobacteria",UDP binding domain,,-,-,-,-,-,-,-,-,-,-,-,-,"UDPG_MGDP_dh,UDPG_MGDP_dh_C,UDPG_MGDP_dh_N"
J2S48_RS11120,K,4952.076874,1129.269067,10686.28858,3.152247973,3.247390305,0.420147013,7.729176219,1.08E-14,3.03E-13,"COG2344@1|root,COG2344@2|Bacteria,2GMV2@201174|Actinobacteria,4F3MI@85017|Promicromonosporaceae",Modulates transcription in response to changes in cellular NADH NAD( ) redox state,,rex,"GO:0003674,GO:0005488,GO:0005515,GO:0042802",-,ko:K01926,-,-,-,-,"ko00000,ko03000",-,-,-,"CoA_binding,Put_DNA-bind_N"
J2S48_RS20140,G,1795.307483,654.4865763,3506.538842,2.366250264,2.426367938,0.316921516,7.656053045,1.92E-14,5.28E-13,"COG0395@1|root,COG0395@2|Bacteria,2GN84@201174|Actinobacteria,4F5GD@85017|Promicromonosporaceae",Binding-protein-dependent transport system inner membrane component,,-,-,-,ko:K10229,"ko02010,map02010",M00200,-,-,"ko00000,ko00001,ko00002,ko02000",3.A.1.1.5,-,-,BPD_transp_1
J2S48_RS19005,T,1971.640634,517.5755366,4152.738279,2.916549414,2.998596344,0.392231903,7.644957792,2.09E-14,5.64E-13,"COG2905@1|root,COG2905@2|Bacteria,2I3M3@201174|Actinobacteria,4F5M3@85017|Promicromonosporaceae",Domain in cystathionine beta-synthase and other proteins.,,-,-,-,-,-,-,-,-,-,-,-,-,CBS
J2S48_RS14405,M,18610.37688,4496.952541,39780.51339,3.059076192,3.145738075,0.411790075,7.639178954,2.19E-14,5.83E-13,"COG1876@1|root,COG1876@2|Bacteria,2GQ6K@201174|Actinobacteria,4F5Z5@85017|Promicromonosporaceae",D-alanyl-D-alanine carboxypeptidase,,-,-,-,-,-,-,-,-,-,-,-,-,"NLPC_P60,VanY"
J2S48_RS10995,NU,14188.25705,3076.994436,30855.15097,3.22744124,3.324061258,0.437024822,7.606115459,2.82E-14,7.42E-13,"COG3170@1|root,COG3170@2|Bacteria,2I17C@201174|Actinobacteria,4F5TB@85017|Promicromonosporaceae",Tfp pilus assembly protein FimV,,-,-,-,-,-,-,-,-,-,-,-,-,-
J2S48_RS07795,M,3944.269224,917.6371918,8484.217273,3.120347204,3.213320858,0.425341571,7.554683286,4.20E-14,1.08E-12,"COG0438@1|root,COG0438@2|Bacteria,2GMI6@201174|Actinobacteria",glycosyl transferase group 1,,-,-,-,-,-,-,-,-,-,-,-,-,"Glyco_trans_1_4,Glyco_trans_4_4,Glycos_transf_1"
J2S48_RS04045,C,6837.150355,1426.155088,14953.64326,3.284528797,3.389157075,0.452540294,7.489182999,6.93E-14,1.73E-12,"COG2225@1|root,COG2225@2|Bacteria,2GJGP@201174|Actinobacteria,4F561@85017|Promicromonosporaceae",Malate synthase,,aceB,-,2.3.3.9,ko:K01638,"ko00620,ko00630,ko01100,ko01110,ko01120,ko01200,map00620,map00630,map01100,map01110,map01120,map01200",M00012,R00472,"RC00004,RC00308,RC02747","ko00000,ko00001,ko00002,ko01000",-,-,-,Malate_synthase
J2S48_RS19885,S,1975.135971,436.8651387,4282.54222,3.190757253,3.28999587,0.440249629,7.473023598,7.84E-14,1.94E-12,"COG3021@1|root,COG3021@2|Bacteria,2IAD6@201174|Actinobacteria",Endonuclease/Exonuclease/phosphatase family,,-,-,-,ko:K18353,"ko01502,ko02020,map01502,map02020",M00651,-,-,"ko00000,ko00001,ko00002,ko01504",-,-,-,Exo_endo_phos
J2S48_RS13370,S,1898.463133,653.3526936,3766.128792,2.452487153,2.522996193,0.339238577,7.437232569,1.03E-13,2.50E-12,"COG3544@1|root,COG3544@2|Bacteria,2IKUE@201174|Actinobacteria,4F4P9@85017|Promicromonosporaceae",Domain of unknown function (DUF305),,-,-,-,-,-,-,-,-,-,-,-,-,DUF305
J2S48_RS25905,S,2196.793403,146.15171,5272.755943,5.029218897,5.205606484,0.699972576,7.436872049,1.03E-13,2.50E-12,"2CEY7@1|root,2Z8CG@2|Bacteria,2GKI0@201174|Actinobacteria",membrane,,-,-,-,-,-,-,-,-,-,-,-,-,-
J2S48_RS07855,M,1244.632657,230.432991,2765.932156,3.482572606,3.595681181,0.484136472,7.426999175,1.11E-13,2.67E-12,"COG0463@1|root,COG4641@1|root,COG0463@2|Bacteria,COG4641@2|Bacteria,2I90S@201174|Actinobacteria","transferase activity, transferring glycosyl groups",,-,-,-,-,-,-,-,-,-,-,-,-,"DUF3880,Glyco_tranf_2_3,Glyco_trans_1_2,Glyco_trans_1_4,Glyco_transf_4,Glycos_transf_2"
J2S48_RS21880,-,8914.954799,2788.28558,18104.95863,2.625555319,2.698554055,0.366997961,7.353049176,1.94E-13,4.62E-12,"2E6TR@1|root,331DK@2|Bacteria,2IQF8@201174|Actinobacteria,4F4U8@85017|Promicromonosporaceae",-,,-,-,-,-,-,-,-,-,-,-,-,-,-
J2S48_RS07940,S,439.6788229,32.65372733,1050.216466,4.957096914,5.144874859,0.708321158,7.263477591,3.77E-13,8.76E-12,"COG3845@1|root,COG3845@2|Bacteria,2H7KJ@201174|Actinobacteria,4F44H@85017|Promicromonosporaceae",ATPases associated with a variety of cellular activities,,yufO,-,3.6.3.17,ko:K02056,-,M00221,-,-,"ko00000,ko00002,ko01000,ko02000",3.A.1.2,-,-,ABC_tran
J2S48_RS07815,M,1490.707575,307.719953,3265.189009,3.312615027,3.424794394,0.473158218,7.238158958,4.55E-13,1.04E-11,"COG0381@1|root,COG0381@2|Bacteria,2GJWS@201174|Actinobacteria,4F5H2@85017|Promicromonosporaceae",UDP-N-acetylglucosamine 2-epimerase,,wecB,-,5.1.3.14,ko:K01791,"ko00520,ko01100,ko05111,map00520,map01100,map05111",M00362,R00420,RC00290,"ko00000,ko00001,ko00002,ko01000,ko01005",-,-,-,Epimerase_2
J2S48_RS09900,,866.0732132,260.119571,1775.003677,2.684317313,2.769264246,0.383481329,7.221379594,5.15E-13,1.17E-11,,,,,,,,,,,,,,,,
J2S48_RS25900,,4862.210278,316.2339015,11681.17484,5.036926988,5.224000407,0.724153344,7.213942256,5.44E-13,1.23E-11,,,,,,,,,,,,,,,,
J2S48_RS24720,,4013.60061,161.7359857,9791.397547,5.717381327,5.93550225,0.826817091,7.178736768,7.04E-13,1.56E-11,,,,,,,,,,,,,,,,
J2S48_RS17415,S,2975.042488,1062.206933,5844.29582,2.390963147,2.461509765,0.343270591,7.170756329,7.46E-13,1.64E-11,"COG3550@1|root,COG3550@2|Bacteria,2IA5Z@201174|Actinobacteria,4F5HB@85017|Promicromonosporaceae",Pfam:HipA_N,,-,-,2.7.11.1,ko:K07154,-,-,-,-,"ko00000,ko01000,ko01001,ko02048",-,-,-,"Couple_hipA,HipA_C"
J2S48_RS21850,L,2473.969373,468.1602523,5482.683053,3.419335935,3.539216079,0.497633825,7.11208906,1.14E-12,2.47E-11,"COG2356@1|root,COG2356@2|Bacteria,2GJ38@201174|Actinobacteria,4F4D2@85017|Promicromonosporaceae",Protein of unknown function (DUF1524),,-,-,-,-,-,-,-,-,-,-,-,-,DUF1524
J2S48_RS19830,F,6828.671096,3024.592124,12534.78955,1.997197043,2.052522489,0.290293364,7.070511224,1.54E-12,3.27E-11,"COG1181@1|root,COG1181@2|Bacteria,2GITC@201174|Actinobacteria,4F43G@85017|Promicromonosporaceae",Belongs to the D-alanine--D-alanine ligase family,,ddl,"GO:0000270,GO:0003674,GO:0003824,GO:0005575,GO:0005623,GO:0005886,GO:0006022,GO:0006023,GO:0006024,GO:0006807,GO:0008150,GO:0008152,GO:0008716,GO:0009058,GO:0009059,GO:0009252,GO:0009273,GO:0009987,GO:0016020,GO:0016874,GO:0016879,GO:0016881,GO:0030203,GO:0034645,GO:0040007,GO:0042546,GO:0043170,GO:0044036,GO:0044038,GO:0044085,GO:0044237,GO:0044249,GO:0044260,GO:0044464,GO:0070589,GO:0071554,GO:0071704,GO:0071840,GO:0071944,GO:1901135,GO:1901137,GO:1901564,GO:1901566,GO:1901576",6.3.2.4,ko:K01921,"ko00473,ko00550,ko01100,ko01502,map00473,map00550,map01100,map01502",-,R01150,"RC00064,RC00141","ko00000,ko00001,ko01000,ko01011",-,-,-,"Dala_Dala_lig_C,Dala_Dala_lig_N"
J2S48_RS03950,-,10133.72183,3346.444028,20314.63854,2.51429687,2.600588974,0.368422435,7.058715016,1.68E-12,3.54E-11,"29962@1|root,2ZW9C@2|Bacteria,2I0Q1@201174|Actinobacteria,4F57R@85017|Promicromonosporaceae",-,,-,-,-,-,-,-,-,-,-,-,-,-,-
J2S48_RS25085,K,9406.488342,2856.495821,19231.47712,2.666909524,2.751216467,0.39114643,7.033725112,2.01E-12,4.18E-11,"2CNY9@1|root,31GEE@2|Bacteria,2IKKZ@201174|Actinobacteria,4F4U1@85017|Promicromonosporaceae","Binds to RNA polymerase (RNAP), stimulating transcription from principal, but not alternative sigma factor promoters",,rbpA,-,-,-,-,-,-,-,-,-,-,-,RbpA
J2S48_RS09280,O,1453.111437,474.0257005,2921.740042,2.535671271,2.616407816,0.372908168,7.016225541,2.28E-12,4.69E-11,"COG1404@1|root,COG4932@1|root,COG1404@2|Bacteria,COG4932@2|Bacteria,2HQIW@201174|Actinobacteria,4F5H7@85017|Promicromonosporaceae",Subtilase family,,bpr,"GO:0005575,GO:0005576",-,ko:K13276,-,-,-,-,"ko00000,ko01000,ko01002,ko03110",-,-,-,"CarbopepD_reg_2,CarboxypepD_reg,Inhibitor_I9,PKD,Peptidase_M6,Peptidase_S8,SLH"
J2S48_RS19925,M,4900.937918,2035.810019,9198.629767,2.115841042,2.174538885,0.310624947,7.000528797,2.55E-12,5.21E-11,"COG0791@1|root,COG0791@2|Bacteria,2GIWB@201174|Actinobacteria,4F4BP@85017|Promicromonosporaceae",pfam nlp p60,,spl,-,-,ko:K21471,-,-,-,-,"ko00000,ko01000,ko01002,ko01011",-,-,-,NLPC_P60
J2S48_RS07760,,816.9173407,231.6119545,1694.87542,2.774108492,2.868502923,0.411927647,6.963608637,3.32E-12,6.62E-11,,,,,,,,,,,,,,,,
J2S48_RS14765,E,186.1943677,29.10502842,421.8283766,3.705342508,3.847584178,0.556615687,6.912460909,4.76E-12,9.18E-11,"COG0411@1|root,COG0411@2|Bacteria,2GMEE@201174|Actinobacteria,4DPPJ@85009|Propionibacteriales","Amino acid amide ABC transporter ATP-binding protein 1, HAAT family",,-,-,-,ko:K01995,"ko02010,ko02024,map02010,map02024",M00237,-,-,"ko00000,ko00001,ko00002,ko02000",3.A.1.4,-,-,"ABC_tran,BCA_ABC_TP_C"
J2S48_RS04030,C,5855.906883,962.405933,13196.15831,3.640866318,3.780516201,0.549592682,6.878760083,6.04E-12,1.16E-10,"COG0247@1|root,COG0247@2|Bacteria,2GIVX@201174|Actinobacteria,4FG7G@85021|Intrasporangiaceae",4Fe-4S dicluster domain,,glcF,-,-,ko:K11473,"ko00630,ko01100,ko01110,ko01120,ko01130,map00630,map01100,map01110,map01120,map01130",-,R00475,RC00042,"ko00000,ko00001",-,-,-,"CCG,Fer4_7,Fer4_8"
J2S48_RS12465,S,1238.798958,205.9843908,2788.020809,3.621242773,3.761158314,0.54690495,6.87717,6.11E-12,1.16E-10,"COG3824@1|root,COG3824@2|Bacteria,2IKXW@201174|Actinobacteria,4F4N1@85017|Promicromonosporaceae",Zincin-like metallopeptidase,,-,-,-,-,-,-,-,-,-,-,-,-,Zincin_1
J2S48_RS02915,S,1685.036752,765.7604102,3063.951265,1.937275358,1.997132882,0.292403643,6.830054715,8.49E-12,1.59E-10,"COG4099@1|root,COG4099@2|Bacteria,2GRZB@201174|Actinobacteria",phospholipase Carboxylesterase,,-,-,-,-,-,-,-,-,-,-,-,-,"Esterase,Esterase_phd,Peptidase_S9"
J2S48_RS11150,P,3352.405052,1734.430467,5779.36693,1.693828316,1.737548384,0.254899704,6.816596307,9.32E-12,1.74E-10,"COG0168@1|root,COG0168@2|Bacteria,2GKKS@201174|Actinobacteria,4F3T7@85017|Promicromonosporaceae",Cation transport protein,,trkH,-,-,ko:K03498,-,-,-,-,"ko00000,ko02000","2.A.38.1,2.A.38.4",-,-,TrkH
J2S48_RS22825,G,231.8709351,46.78277494,509.5031753,3.324949863,3.452880328,0.506822656,6.812797897,9.57E-12,1.78E-10,"COG3717@1|root,COG3717@2|Bacteria,2I9WH@201174|Actinobacteria,4F5J5@85017|Promicromonosporaceae",KduI/IolB family,,-,-,5.3.1.17,ko:K01815,"ko00040,map00040",-,R04383,RC00541,"ko00000,ko00001,ko01000",-,-,-,KduI
J2S48_RS01300,G,1309.034675,613.8001758,2351.886425,1.886662501,1.941156378,0.286985488,6.763953089,1.34E-11,2.46E-10,"COG1082@1|root,COG1874@1|root,COG1082@2|Bacteria,COG1874@2|Bacteria,2I4VC@201174|Actinobacteria,4F5EV@85017|Promicromonosporaceae",NPCBM/NEW2 domain,,-,-,-,-,-,-,-,-,-,-,-,-,"BetaGal_dom2,BetaGal_dom3,BetaGal_dom4_5,Glyco_hyd_101C,Glyco_hydro_101,Glyco_hydro_35,NPCBM,NPCBM_assoc"
J2S48_RS11135,E,1667.822713,591.0818556,3282.933999,2.400770774,2.481326516,0.367156616,6.758223624,1.40E-11,2.55E-10,"COG0560@1|root,COG0560@2|Bacteria,2GJW9@201174|Actinobacteria,4F3MT@85017|Promicromonosporaceae",haloacid dehalogenase-like hydrolase,,serB1,"GO:0005575,GO:0005623,GO:0005886,GO:0005887,GO:0016020,GO:0016021,GO:0031224,GO:0031226,GO:0044425,GO:0044459,GO:0044464,GO:0071944",-,-,-,-,-,-,-,-,-,-,HAD
J2S48_RS13605,M,26099.78637,12859.96057,45959.52506,1.777153868,1.837698972,0.272354116,6.747461713,1.50E-11,2.73E-10,"COG0791@1|root,COG0791@2|Bacteria,2GIWB@201174|Actinobacteria,4F4BP@85017|Promicromonosporaceae",pfam nlp p60,,spl,-,-,ko:K21471,-,-,-,-,"ko00000,ko01000,ko01002,ko01011",-,-,-,NLPC_P60
J2S48_RS09385,S,1210.122581,384.3263447,2448.816936,2.591022193,2.682509186,0.397906097,6.741563424,1.57E-11,2.83E-10,"2E3M2@1|root,32YJA@2|Bacteria,2GQQW@201174|Actinobacteria,4F1HW@85016|Cellulomonadaceae",Protein of unknown function (DUF3107),,-,-,-,-,-,-,-,-,-,-,-,-,DUF3107
J2S48_RS05010,J,81641.56582,30833.00899,157854.4011,2.291530052,2.356016552,0.350148417,6.728622593,1.71E-11,3.08E-10,"COG0184@1|root,COG0184@2|Bacteria,2IQA0@201174|Actinobacteria,4F4TP@85017|Promicromonosporaceae",Forms an intersubunit bridge (bridge B4) with the 23S rRNA of the 50S subunit in the ribosome,,rpsO,"GO:0005575,GO:0005622,GO:0005623,GO:0005737,GO:0005829,GO:0005840,GO:0005886,GO:0015935,GO:0016020,GO:0022626,GO:0022627,GO:0032991,GO:0043226,GO:0043228,GO:0043229,GO:0043232,GO:0044391,GO:0044422,GO:0044424,GO:0044444,GO:0044445,GO:0044446,GO:0044464,GO:0071944,GO:1990904",-,ko:K02956,"ko03010,map03010","M00178,M00179",-,-,"br01610,ko00000,ko00001,ko00002,ko03011",-,-,-,Ribosomal_S15
J2S48_RS13175,,3753.030537,1677.327082,6866.58572,1.977972064,2.032247716,0.304468487,6.674739104,2.48E-11,4.40E-10,,,,,,,,,,,,,,,,
J2S48_RS06930,G,14621.91507,4225.165576,30217.03932,2.741291149,2.839399632,0.427013176,6.649442661,2.94E-11,5.15E-10,"COG1264@1|root,COG1264@2|Bacteria,2IQIB@201174|Actinobacteria,4F4SM@85017|Promicromonosporaceae","phosphotransferase system, EIIB",,-,-,2.7.1.193,ko:K02803,"ko00520,ko02060,map00520,map02060",M00267,R05199,"RC00017,RC03206","ko00000,ko00001,ko00002,ko01000,ko02000","4.A.1.1.15,4.A.1.1.2,4.A.1.1.5,4.A.1.1.7",-,-,PTS_EIIB
J2S48_RS20015,-,8072.437664,3028.918763,15637.71602,2.293221473,2.366379829,0.356611283,6.635740217,3.23E-11,5.62E-10,"2A5T5@1|root,30UIJ@2|Bacteria,2I0U4@201174|Actinobacteria,4F5YI@85017|Promicromonosporaceae",-,,-,-,-,-,-,-,-,-,-,-,-,-,-
J2S48_RS19870,J,9325.984699,3145.04834,18597.38924,2.475201937,2.563321789,0.387619947,6.612976984,3.77E-11,6.46E-10,"COG0227@1|root,COG0227@2|Bacteria,2GQNU@201174|Actinobacteria,4F4SP@85017|Promicromonosporaceae",Belongs to the bacterial ribosomal protein bL28 family,,rpmB,"GO:0003674,GO:0003735,GO:0005198",-,ko:K02902,"ko03010,map03010",M00178,-,-,"br01610,ko00000,ko00001,ko00002,ko03011",-,-,-,Ribosomal_L28
J2S48_RS15050,,3784.10046,1431.789327,7312.567159,2.276965008,2.35470902,0.356750012,6.600445533,4.10E-11,6.96E-10,,,,,,,,,,,,,,,,
J2S48_RS18925,G,2684.154573,1379.117149,4641.710709,1.701825977,1.753079234,0.26589364,6.593159697,4.31E-11,7.27E-10,"COG1879@1|root,COG1879@2|Bacteria,2GJ0Z@201174|Actinobacteria,4F3MY@85017|Promicromonosporaceae",Periplasmic binding protein domain,,-,-,-,ko:K10439,"ko02010,ko02030,map02010,map02030",M00212,-,-,"ko00000,ko00001,ko00002,ko02000","3.A.1.2.1,3.A.1.2.13,3.A.1.2.19",-,-,Peripla_BP_4
J2S48_RS01625,S,5553.095597,2516.478683,10108.02097,1.94321935,2.004092203,0.30483784,6.574289485,4.89E-11,8.18E-10,"COG1988@1|root,COG1988@2|Bacteria,2GMNG@201174|Actinobacteria,4F3JY@85017|Promicromonosporaceae","LexA-binding, inner membrane-associated putative hydrolase",,-,-,-,-,-,-,-,-,-,-,-,-,YdjM
J2S48_RS07420,S,2848.86602,1254.304173,5240.708791,2.000495233,2.065090545,0.316255199,6.529823239,6.58E-11,1.08E-09,"2AVFB@1|root,31M7D@2|Bacteria,2I0MD@201174|Actinobacteria,4F4RS@85017|Promicromonosporaceae",Domain of unknown function (DUF2017),,-,-,-,-,-,-,-,-,-,-,-,-,DUF2017
J2S48_RS01880,,2670.598479,1074.747279,5064.37528,2.164334155,2.237224585,0.344553996,6.493102997,8.41E-11,1.37E-09,,,,,,,,,,,,,,,,
J2S48_RS10590,J,1322.559805,300.237947,2856.042591,3.122110728,3.251795509,0.501118541,6.489074424,8.64E-11,1.40E-09,"COG0267@1|root,COG0267@2|Bacteria,2GQFG@201174|Actinobacteria,4F4XN@85017|Promicromonosporaceae",Belongs to the bacterial ribosomal protein bL33 family,,rpmG,-,-,ko:K02913,"ko03010,map03010",M00178,-,-,"br01610,ko00000,ko00001,ko00002,ko03011",-,-,-,Ribosomal_L33
J2S48_RS25005,I,4931.134849,1116.545151,10653.0194,3.121026441,3.254051672,0.503477528,6.463151767,1.03E-10,1.64E-09,"COG0764@1|root,COG0764@2|Bacteria",3-hydroxyoctanoyl-[acyl-carrier-protein] dehydratase activity,,-,-,-,-,-,-,-,-,-,-,-,-,-
J2S48_RS08330,EGP,29079.0834,10092.57724,57558.84265,2.42020865,2.511157848,0.38940695,6.448672397,1.13E-10,1.78E-09,"COG0477@1|root,COG0477@2|Bacteria,2GIYR@201174|Actinobacteria,4F56A@85017|Promicromonosporaceae",Sugar (and other) transporter,,-,-,-,-,-,-,-,-,-,-,-,-,Sugar_tr
J2S48_RS20480,S,4270.393874,1970.813858,7719.763897,1.906183327,1.969097091,0.305436323,6.446833404,1.14E-10,1.78E-09,"COG4243@1|root,COG4243@2|Bacteria,2GMVK@201174|Actinobacteria,4F4F3@85017|Promicromonosporaceae",VKc,,-,-,-,-,-,-,-,-,-,-,-,-,VKOR
J2S48_RS04535,S,163226.1481,37913.79983,351194.6704,3.295721131,3.211561879,0.49901729,6.435772748,1.23E-10,1.91E-09,"2E49S@1|root,32Z5G@2|Bacteria,2IHN1@201174|Actinobacteria,4F4U7@85017|Promicromonosporaceae",Protein of unknown function (DUF3040),,-,-,-,-,-,-,-,-,-,-,-,-,DUF3040
J2S48_RS24885,M,316.4528812,11.05843651,774.5445483,6.098546083,6.427098928,1.004818997,6.396275295,1.59E-10,2.46E-09,"COG0682@1|root,COG0682@2|Bacteria,2GKSS@201174|Actinobacteria,4F3WT@85017|Promicromonosporaceae",Transfers the N-acyl diglyceride group on what will become the N-terminal cysteine of membrane lipoproteins,,lgt,"GO:0005575,GO:0005623,GO:0005886,GO:0005887,GO:0008150,GO:0016020,GO:0016021,GO:0031224,GO:0031226,GO:0040007,GO:0044425,GO:0044459,GO:0044464,GO:0071944",-,-,-,-,-,-,-,-,-,-,LGT
J2S48_RS19245,G,18897.8381,9475.70825,33031.03288,1.7437436,1.801700959,0.282545358,6.376678675,1.81E-10,2.78E-09,"COG2971@1|root,COG2971@2|Bacteria,2GKBF@201174|Actinobacteria,4F5IP@85017|Promicromonosporaceae",BadF/BadG/BcrA/BcrD ATPase family,,-,-,-,-,-,-,-,-,-,-,-,-,BcrAD_BadFG
J2S48_RS14590,ET,7163.622319,3578.778687,12540.88777,1.754331887,1.809883796,0.284288583,6.366361175,1.94E-10,2.96E-09,"COG0834@1|root,COG0834@2|Bacteria,2I3WP@201174|Actinobacteria,4F3JC@85017|Promicromonosporaceae",Belongs to the bacterial solute-binding protein 3 family,,tcyA,-,-,ko:K02424,"ko02010,map02010",M00234,-,-,"ko00000,ko00001,ko00002,ko02000,ko02035","3.A.1.3.10,3.A.1.3.14",-,-,SBP_bac_3
J2S48_RS07370,-,724.7765108,143.8531294,1596.161583,3.334256551,3.483857412,0.548695488,6.349345839,2.16E-10,3.28E-09,"2BBE7@1|root,324XD@2|Bacteria,2GRRW@201174|Actinobacteria",-,,-,-,-,-,-,-,-,-,-,-,-,-,-
J2S48_RS04585,C,3770.18604,1905.102949,6567.810677,1.722634798,1.783561505,0.281485118,6.336255067,2.35E-10,3.56E-09,"COG0111@1|root,COG0111@2|Bacteria,2GJGA@201174|Actinobacteria,4F3J7@85017|Promicromonosporaceae","D-isomer specific 2-hydroxyacid dehydrogenase, catalytic domain",,serA,-,"1.1.1.399,1.1.1.95",ko:K00058,"ko00260,ko00680,ko01100,ko01120,ko01130,ko01200,ko01230,map00260,map00680,map01100,map01120,map01130,map01200,map01230",M00020,R01513,RC00031,"ko00000,ko00001,ko00002,ko01000,ko04147",-,-,-,"2-Hacid_dh,2-Hacid_dh_C"
J2S48_RS00495,,4076.060378,802.8624911,8985.857209,3.334578293,3.488385233,0.552802987,6.310358871,2.78E-10,4.17E-09,,,,,,,,,,,,,,,,
J2S48_RS12575,S,6663.424922,981.6394814,15186.10308,3.768349458,3.948046731,0.62602131,6.306569231,2.85E-10,4.22E-09,"COG5620@1|root,COG5620@2|Bacteria,2GS1C@201174|Actinobacteria,4F4S8@85017|Promicromonosporaceae","Psort location Cytoplasmic, score",,-,-,-,-,-,-,-,-,-,-,-,-,-
J2S48_RS17260,S,2737.268152,489.7634847,6108.525152,3.491150277,3.652812944,0.579715655,6.301042435,2.96E-10,4.33E-09,"COG3583@1|root,COG3583@2|Bacteria,2I2GH@201174|Actinobacteria,4F495@85017|Promicromonosporaceae",G5,,-,-,-,ko:K21688,-,-,-,-,ko00000,-,-,-,"DUF348,G5,SLT"
J2S48_RS01250,K,2422.525604,1258.442144,4168.650793,1.678930001,1.730753728,0.275052131,6.292457076,3.12E-10,4.56E-09,"COG1609@1|root,COG1609@2|Bacteria",purine nucleotide biosynthetic process,,-,-,-,-,-,-,-,-,-,-,-,-,"GntR,Peripla_BP_3"
J2S48_RS09845,M,1249.266107,410.0772679,2508.049366,2.496819937,2.601327673,0.413913944,6.284706544,3.28E-10,4.77E-09,"COG1086@1|root,COG2148@1|root,COG1086@2|Bacteria,COG2148@2|Bacteria,2GK0M@201174|Actinobacteria,4F58F@85017|Promicromonosporaceae",Bacterial sugar transferase,,-,-,-,-,-,-,-,-,-,-,-,-,"Bac_transf,CoA_binding_3"
J2S48_RS21725,,84.15476555,0,210.3869139,10.6610685,9.574868589,1.528600292,6.263814445,3.76E-10,5.41E-09,,,,,,,,,,,,,,,,
J2S48_RS10145,O,5253.149676,2093.541842,9992.561426,2.172599667,2.254356267,0.360906296,6.246375561,4.20E-10,6.00E-09,"COG0386@1|root,COG0386@2|Bacteria,2IFJH@201174|Actinobacteria,4F4HC@85017|Promicromonosporaceae",Glutathione peroxidase,,gpx,-,1.11.1.9,ko:K00432,"ko00480,ko00590,ko04918,map00480,map00590,map04918",-,"R00274,R07034,R07035","RC00011,RC00982","ko00000,ko00001,ko01000",-,-,-,GSHPx
J2S48_RS13620,,993.357207,273.3707299,2073.336923,2.809811463,2.930549983,0.469809405,6.23774227,4.44E-10,6.31E-09,,,,,,,,,,,,,,,,
J2S48_RS01850,K,1029.62227,360.6656965,2033.05713,2.402298331,2.49903955,0.401814683,6.219383354,4.99E-10,6.98E-09,"COG1309@1|root,COG1309@2|Bacteria,2IEP0@201174|Actinobacteria",transcriptional regulator,,-,-,-,-,-,-,-,-,-,-,-,-,TetR_N
J2S48_RS24975,Q,4796.180067,2354.70315,8458.395443,1.786081165,1.845367938,0.297192455,6.209336432,5.32E-10,7.41E-09,"COG2124@1|root,COG2124@2|Bacteria,2GJKV@201174|Actinobacteria",Belongs to the cytochrome P450 family,,-,-,-,-,-,-,-,-,-,-,-,-,p450
J2S48_RS04035,C,4367.908826,941.5309772,9507.475598,3.186967209,3.337437401,0.538388036,6.198944213,5.68E-10,7.88E-09,"COG0277@1|root,COG0277@2|Bacteria,2H3K3@201174|Actinobacteria,4E18A@85010|Pseudonocardiales",overlaps another CDS with the same product name,,-,-,-,ko:K11472,"ko00630,ko01100,ko01110,ko01120,ko01130,map00630,map01100,map01110,map01120,map01130",-,R00475,RC00042,"ko00000,ko00001",-,-,-,"FAD-oxidase_C,FAD_binding_4"
J2S48_RS04040,C,928.6614844,106.0182835,2162.626286,4.117501767,4.321698156,0.700706338,6.167631032,6.93E-10,9.46E-09,"COG0277@1|root,COG0277@2|Bacteria,2GKI9@201174|Actinobacteria,4F49R@85017|Promicromonosporaceae","FAD linked oxidases, C-terminal domain",,-,-,-,-,-,-,-,-,-,-,-,-,"FAD-oxidase_C,FAD_binding_4"
J2S48_RS04390,K,8619.510225,3414.14818,16427.55329,2.184417255,2.267348668,0.367872899,6.163402286,7.12E-10,9.68E-09,"COG1734@1|root,COG1734@2|Bacteria,2GJBE@201174|Actinobacteria,4F4GD@85017|Promicromonosporaceae","Transcriptional regulator, TraR DksA family",,-,-,-,ko:K06204,"ko02026,map02026",-,-,-,"ko00000,ko00001,ko03000,ko03009,ko03021",-,-,-,zf-dskA_traR
J2S48_RS23975,,604.1733892,119.8520531,1330.655393,3.340769032,3.503961164,0.570107843,6.146137455,7.94E-10,1.08E-08,,,,,,,,,,,,,,,,
J2S48_RS13200,-,16683.65396,6261.716492,32316.56017,2.273982929,2.368399651,0.386188942,6.132748486,8.64E-10,1.17E-08,"29QBK@1|root,30BAT@2|Bacteria,2IH7J@201174|Actinobacteria,4F432@85017|Promicromonosporaceae",-,,-,-,-,-,-,-,-,-,-,-,-,-,-
J2S48_RS12425,S,1369.02211,517.0165313,2647.030477,2.270298202,2.361009326,0.38512149,6.13055721,8.76E-10,1.18E-08,"2DBXI@1|root,2ZBQ3@2|Bacteria,2GJN1@201174|Actinobacteria,4F3I2@85017|Promicromonosporaceae",Peptidase M50B-like,,-,-,-,-,-,-,-,-,-,-,-,-,Peptidase_M50B
J2S48_RS14445,P,6667.610362,3287.730535,11737.4301,1.772862076,1.835478182,0.30024518,6.113264438,9.76E-10,1.30E-08,"COG0765@1|root,COG0765@2|Bacteria,2GJJ9@201174|Actinobacteria,4F3S2@85017|Promicromonosporaceae",Binding-protein-dependent transport system inner membrane component,,yecS,-,-,ko:K02029,-,M00236,-,-,"ko00000,ko00002,ko02000",3.A.1.3,-,-,BPD_transp_1
J2S48_RS10950,,9591.344581,4619.046768,17049.7913,1.822148178,1.884091477,0.310604042,6.065894908,1.31E-09,1.74E-08,,,,,,,,,,,,,,,,
J2S48_RS13405,M,13207.05237,5221.509757,25185.36629,2.187160957,2.268936743,0.377740034,6.006609152,1.89E-09,2.47E-08,"COG0744@1|root,COG0744@2|Bacteria,2GK21@201174|Actinobacteria,4F3J4@85017|Promicromonosporaceae",PFAM glycosyl transferase family 51,,pbp5,-,-,-,-,-,-,-,-,-,-,-,"Transgly,Transpeptidase"
J2S48_RS11220,G,537.1402567,128.5000657,1150.100543,3.026848049,3.176430846,0.531444595,5.976974603,2.27E-09,2.93E-08,"COG3940@1|root,COG3940@2|Bacteria,2GJJP@201174|Actinobacteria",Belongs to the glycosyl hydrolase 43 family,,-,-,-,-,-,-,-,-,-,-,-,-,"Glyco_hydro_43,RicinB_lectin_2"
J2S48_RS19450,-,2963.305046,1114.522626,5736.478677,2.266270466,2.361610149,0.395512066,5.971019228,2.36E-09,3.01E-08,"2DTHU@1|root,33KEC@2|Bacteria,2GX3K@201174|Actinobacteria,4F1KU@85016|Cellulomonadaceae",-,,-,-,-,-,-,-,-,-,-,-,-,-,-
J2S48_RS18865,S,15480.06802,4135.177816,32497.40332,2.840254991,2.973173114,0.498099472,5.969034867,2.39E-09,3.04E-08,"2EE3T@1|root,337YD@2|Bacteria,2GPYM@201174|Actinobacteria",Protein of unknown function (DUF742),,-,-,-,-,-,-,-,-,-,-,-,-,DUF742
J2S48_RS13615,S,51562.04911,14909.9068,106540.2626,2.709461884,2.837100772,0.475585482,5.965490708,2.44E-09,3.09E-08,"COG2261@1|root,COG2261@2|Bacteria,2GQR5@201174|Actinobacteria,4F52Z@85017|Promicromonosporaceae",Transglycosylase associated protein,,-,-,-,-,-,-,-,-,-,-,-,-,Transgly_assoc
J2S48_RS10580,I,5434.688408,2435.364913,9933.67365,1.954024961,2.028251531,0.340330772,5.959647781,2.53E-09,3.20E-08,"COG2030@1|root,COG2030@2|Bacteria,2IFCJ@201174|Actinobacteria,4F4GH@85017|Promicromonosporaceae",MaoC like domain,,hadB,-,-,-,-,-,-,-,-,-,-,-,MaoC_dehydratas
J2S48_RS19865,M,9754.020462,4477.555253,17668.71828,1.90777875,1.980641064,0.332761891,5.952127084,2.65E-09,3.32E-08,"COG1247@1|root,COG1247@2|Bacteria,2GR9D@201174|Actinobacteria,4F1DH@85016|Cellulomonadaceae",Acetyltransferase (GNAT) domain,,-,-,-,-,-,-,-,-,-,-,-,-,Acetyltransf_1
J2S48_RS15080,E,1822.112218,324.818445,4068.052877,3.462603667,3.643867681,0.615857602,5.916737362,3.28E-09,4.08E-08,"COG2303@1|root,COG2303@2|Bacteria,2GJ3J@201174|Actinobacteria,4F3HF@85017|Promicromonosporaceae",GMC oxidoreductase,,-,-,1.1.3.6,ko:K03333,"ko00984,ko01120,map00984,map01120",-,R01459,RC00146,"ko00000,ko00001,ko01000",-,-,-,"FAD_binding_2,GMC_oxred_C,GMC_oxred_N"
J2S48_RS00595,,1064.703204,298.9046355,2213.401057,2.761198419,2.893121377,0.489249368,5.913388075,3.35E-09,4.13E-08,,,,,,,,,,,,,,,,
J2S48_RS19775,M,14386.38446,8624.893632,23028.62071,1.377362436,1.41656276,0.23990812,5.904605312,3.53E-09,4.34E-08,"COG0766@1|root,COG0766@2|Bacteria,2GJPW@201174|Actinobacteria,4F3D4@85017|Promicromonosporaceae",Cell wall formation. Adds enolpyruvyl to UDP-N- acetylglucosamine,,murA,-,2.5.1.7,ko:K00790,"ko00520,ko00550,ko01100,map00520,map00550,map01100",-,R00660,RC00350,"ko00000,ko00001,ko01000,ko01011",-,-,-,EPSP_synthase
J2S48_RS14215,,482.4674318,132.3717824,1007.610906,2.7796895,2.915817916,0.49504919,5.889955934,3.86E-09,4.71E-08,,,,,,,,,,,,,,,,
J2S48_RS20355,Q,1753.516054,687.9507257,3351.864047,2.195731651,2.29052708,0.388983859,5.888488757,3.90E-09,4.72E-08,"COG2124@1|root,COG2124@2|Bacteria,2GJKV@201174|Actinobacteria",Belongs to the cytochrome P450 family,,-,-,-,-,-,-,-,-,-,-,-,-,p450
J2S48_RS10480,-,6828.94382,3718.887447,11494.02838,1.571623205,1.627839562,0.276928917,5.87818557,4.15E-09,5.00E-08,"2E27K@1|root,32XDT@2|Bacteria,2GRMM@201174|Actinobacteria,4F4S2@85017|Promicromonosporaceae",-,,-,-,-,-,-,-,-,-,-,-,-,-,-
J2S48_RS08560,K,5379.286825,1261.733743,11555.61645,3.044067946,3.198617522,0.545085439,5.868103042,4.41E-09,5.28E-08,"COG3311@1|root,COG3311@2|Bacteria,2GR98@201174|Actinobacteria,4F4ZP@85017|Promicromonosporaceae","DNA binding domain, excisionase family",,-,-,-,-,-,-,-,-,-,-,-,-,HTH_17
J2S48_RS12665,P,3302.381924,994.9256096,6763.566396,2.633210374,2.763281459,0.471532662,5.860212204,4.62E-09,5.48E-08,"COG0607@1|root,COG0607@2|Bacteria,2IN3Q@201174|Actinobacteria,4F4RV@85017|Promicromonosporaceae",Rhodanese Homology Domain,,-,-,-,-,-,-,-,-,-,-,-,-,Rhodanese
J2S48_RS12795,-,3328.411586,920.4293603,6940.384924,2.775696576,2.912544111,0.49808562,5.847476805,4.99E-09,5.85E-08,"292NE@1|root,2ZQ69@2|Bacteria,2I8AI@201174|Actinobacteria",-,,-,-,-,-,-,-,-,-,-,-,-,-,-
J2S48_RS13625,J,1968.555697,771.8710322,3763.582693,2.18698759,2.284104509,0.390717449,5.845923997,5.04E-09,5.89E-08,"COG0495@1|root,COG0495@2|Bacteria,2GJI1@201174|Actinobacteria,4F3NE@85017|Promicromonosporaceae",Anticodon-binding domain of tRNA,,leuS,-,6.1.1.4,ko:K01869,"ko00970,map00970","M00359,M00360",R03657,"RC00055,RC00523","ko00000,ko00001,ko00002,ko01000,ko01007,ko03016,ko03029",-,-,-,"Anticodon_1,tRNA-synt_1,tRNA-synt_1_2"
J2S48_RS19995,J,13504.72591,7376.001814,22697.81206,1.568797003,1.621101928,0.27790966,5.833197487,5.44E-09,6.29E-08,"COG0211@1|root,COG0211@2|Bacteria,2IQDI@201174|Actinobacteria",Belongs to the bacterial ribosomal protein bL27 family,,rpmA,"GO:0003674,GO:0003735,GO:0005198,GO:0005575,GO:0005618,GO:0005622,GO:0005623,GO:0005737,GO:0005829,GO:0005840,GO:0005886,GO:0008150,GO:0015934,GO:0016020,GO:0022625,GO:0022626,GO:0030312,GO:0032991,GO:0040007,GO:0043226,GO:0043228,GO:0043229,GO:0043232,GO:0044391,GO:0044422,GO:0044424,GO:0044444,GO:0044445,GO:0044446,GO:0044464,GO:0071944,GO:1990904",-,ko:K02899,"ko03010,map03010",M00178,-,-,"br01610,ko00000,ko00001,ko00002,ko03011",-,-,-,Ribosomal_L27
J2S48_RS25335,K,1281.11704,263.7943079,2807.101139,3.253981357,3.42931299,0.588338645,5.828807983,5.58E-09,6.42E-08,"COG1522@1|root,COG1522@2|Bacteria,2HVG9@201174|Actinobacteria",Transcriptional regulator,,-,-,-,-,-,-,-,-,-,-,-,-,"AsnC_trans_reg,HTH_24,HTH_AsnC-type"
J2S48_RS10945,C,3289.995999,1416.459914,6100.300127,2.020291235,2.107526285,0.361799789,5.825117499,5.71E-09,6.53E-08,"COG0838@1|root,COG0838@2|Bacteria,2IKWT@201174|Actinobacteria,4F4GG@85017|Promicromonosporaceae","NDH-1 shuttles electrons from NADH, via FMN and iron- sulfur (Fe-S) centers, to quinones in the respiratory chain. The immediate electron acceptor for the enzyme in this species is believed to be a menaquinone. Couples the redox reaction to proton translocation (for every two electrons transferred, four hydrogen ions are translocated across the cytoplasmic membrane), and thus conserves the redox energy in a proton gradient",,nuoA,"GO:0003674,GO:0003824,GO:0003954,GO:0005575,GO:0008137,GO:0008150,GO:0008152,GO:0016020,GO:0016491,GO:0016651,GO:0016655,GO:0030964,GO:0032991,GO:0044425,GO:0050136,GO:0055114,GO:0098796,GO:1902494",1.6.5.3,ko:K00330,"ko00190,ko01100,map00190,map01100",M00144,R11945,RC00061,"ko00000,ko00001,ko00002,ko01000",3.D.1,-,-,Oxidored_q4
J2S48_RS18770,-,1127.922589,396.7374363,2224.700319,2.384905049,2.499067387,0.429044851,5.824722939,5.72E-09,6.53E-08,"COG4894@1|root,COG4894@2|Bacteria,2IH17@201174|Actinobacteria",-,,-,-,-,-,-,-,-,-,-,-,-,-,-
J2S48_RS09365,S,2379.162901,1345.758005,3929.270245,1.499425846,1.547753958,0.266184443,5.814592103,6.08E-09,6.91E-08,"COG3173@1|root,COG3173@2|Bacteria,2I8R6@201174|Actinobacteria,4F3G0@85017|Promicromonosporaceae",Phosphotransferase enzyme family,,mphA,-,-,-,-,-,-,-,-,-,-,-,APH
J2S48_RS14860,K,1687.896511,795.1372069,3027.035466,1.855253369,1.928163451,0.331802124,5.811184773,6.20E-09,7.01E-08,"COG1309@1|root,COG1309@2|Bacteria,2GP2Z@201174|Actinobacteria,4F4QX@85017|Promicromonosporaceae","Bacterial regulatory proteins, tetR family",,-,-,-,-,-,-,-,-,-,-,-,-,TetR_N
J2S48_RS12085,IJ,15215.44428,5742.076024,29425.49668,2.254445019,2.356424015,0.405761366,5.807413456,6.34E-09,7.15E-08,"COG0223@1|root,COG1024@1|root,COG0223@2|Bacteria,COG1024@2|Bacteria,2GJUK@201174|Actinobacteria,4F41S@85017|Promicromonosporaceae","Formyl transferase, C-terminal domain",,hoxX,-,-,ko:K19640,-,-,-,-,"ko00000,ko02022",-,-,-,"ECH_1,Formyl_trans_C,Formyl_trans_N"
J2S48_RS16575,S,2242.666257,962.2083932,4163.353052,2.029107696,2.113199243,0.364039014,5.80487026,6.44E-09,7.23E-08,"COG4339@1|root,COG4339@2|Bacteria,2GMYQ@201174|Actinobacteria,4F467@85017|Promicromonosporaceae",protein conserved in bacteria,,-,-,-,-,-,-,-,-,-,-,-,-,-
J2S48_RS13710,I,784.5512721,304.6678214,1504.376448,2.209769485,2.309545135,0.398444074,5.796409794,6.77E-09,7.58E-08,"COG0204@1|root,COG0204@2|Bacteria,2GQVG@201174|Actinobacteria,4F3JF@85017|Promicromonosporaceae",Phosphate acyltransferases,,-,-,2.3.1.51,ko:K00655,"ko00561,ko00564,ko01100,ko01110,map00561,map00564,map01100,map01110",M00089,"R02241,R09381","RC00004,RC00037,RC00039","ko00000,ko00001,ko00002,ko01000,ko01004",-,-,-,Acyltransferase
J2S48_RS18935,G,7576.259527,3493.927515,13699.75755,1.894314856,1.97102441,0.340856717,5.782559983,7.36E-09,8.15E-08,"COG2133@1|root,COG3291@1|root,COG3507@1|root,COG3828@1|root,COG2133@2|Bacteria,COG3291@2|Bacteria,COG3507@2|Bacteria,COG3828@2|Bacteria,2GJFY@201174|Actinobacteria,4F3IK@85017|Promicromonosporaceae","Carbohydrate binding domain, family 6",,-,-,-,-,-,-,-,-,-,-,-,-,"CBM_6,DUF1349,GSDH,PKD,ThuA"
J2S48_RS26195,,517.2381178,196.2132431,998.7754299,2.240200709,2.341502256,0.404982289,5.781739886,7.39E-09,8.17E-08,,,,,,,,,,,,,,,,
J2S48_RS12750,T,7965.296045,4189.58413,13628.86392,1.636652859,1.700970214,0.295054321,5.764939171,8.17E-09,8.99E-08,"COG1366@1|root,COG1366@2|Bacteria,2GS9B@201174|Actinobacteria,4F4NG@85017|Promicromonosporaceae",STAS domain,,-,-,-,-,-,-,-,-,-,-,-,-,STAS_2
J2S48_RS22875,,316.7652318,54.3382774,710.4056633,3.487303905,3.682933651,0.64107265,5.744955192,9.19E-09,9.96E-08,,,,,,,,,,,,,,,,
J2S48_RS05645,I,5830.878898,1988.926241,11593.80788,2.426621193,2.540680995,0.442558684,5.740890618,9.42E-09,1.01E-07,"COG1022@1|root,COG1022@2|Bacteria,2GIXQ@201174|Actinobacteria,4F3B5@85017|Promicromonosporaceae",AMP-binding enzyme,,fadD3,-,6.2.1.3,ko:K01897,"ko00061,ko00071,ko01100,ko01212,ko02024,ko03320,ko04146,ko04216,ko04714,ko04920,map00061,map00071,map01100,map01212,map02024,map03320,map04146,map04216,map04714,map04920",M00086,R01280,"RC00004,RC00014","ko00000,ko00001,ko00002,ko01000,ko01004,ko04147",4.C.1.1,-,-,AMP-binding
J2S48_RS21950,S,4205.076928,2379.662868,6943.198019,1.493655259,1.543230139,0.269729886,5.721390978,1.06E-08,1.13E-07,"2AN86@1|root,31D67@2|Bacteria,2HWWU@201174|Actinobacteria,4F4DC@85017|Promicromonosporaceae",Protein of unknown function (DUF3043),,-,"GO:0008150,GO:0009605,GO:0009607,GO:0020012,GO:0030682,GO:0042783,GO:0043207,GO:0044403,GO:0044413,GO:0044415,GO:0044419,GO:0050896,GO:0051701,GO:0051704,GO:0051707,GO:0051805,GO:0051807,GO:0051810,GO:0051832,GO:0051834,GO:0052173,GO:0052200,GO:0052564,GO:0052572,GO:0075136",-,-,-,-,-,-,-,-,-,-,DUF3043
J2S48_RS08325,,12050.30487,4733.013145,23026.24246,2.188247774,2.281386817,0.39951354,5.710411756,1.13E-08,1.20E-07,,,,,,,,,,,,,,,,
J2S48_RS12675,G,5530.536215,2260.841007,10435.07903,2.116749161,2.209382626,0.388919554,5.68082166,1.34E-08,1.41E-07,"COG1472@1|root,COG1472@2|Bacteria,2GJ5H@201174|Actinobacteria","hydrolase, family 3",,-,-,3.2.1.21,ko:K05349,"ko00460,ko00500,ko00940,ko01100,ko01110,map00460,map00500,map00940,map01100,map01110",-,"R00026,R02558,R02887,R02985,R03527,R04949,R04998,R10035,R10039,R10040","RC00049,RC00059,RC00171,RC00262,RC00397,RC00451,RC00714,RC00746,RC01248","ko00000,ko00001,ko01000",-,GH3,-,"Glyco_hydro_3,Glyco_hydro_3_C"
J2S48_RS08435,,4954.24065,2678.240042,8368.241561,1.584726189,1.644380918,0.291853916,5.634260248,1.76E-08,1.84E-07,,,,,,,,,,,,,,,,
J2S48_RS16770,M,15286.41187,7169.548656,27461.7067,1.853418934,1.936989706,0.345638518,5.604090996,2.09E-08,2.18E-07,"COG0791@1|root,COG0791@2|Bacteria,2GIWB@201174|Actinobacteria,4F4BP@85017|Promicromonosporaceae",pfam nlp p60,,spl,-,-,ko:K21471,-,-,-,-,"ko00000,ko01000,ko01002,ko01011",-,-,-,NLPC_P60
J2S48_RS14450,E,306.4612016,24.15958348,729.9136287,4.684178629,4.99261372,0.895017842,5.578228147,2.43E-08,2.51E-07,"COG1126@1|root,COG1126@2|Bacteria,2GIZW@201174|Actinobacteria,4F46U@85017|Promicromonosporaceae",ATPases associated with a variety of cellular activities,,tcyC,-,3.6.3.21,"ko:K02028,ko:K02029",-,M00236,-,-,"ko00000,ko00002,ko01000,ko02000",3.A.1.3,-,-,ABC_tran
J2S48_RS11475,C,373.1616112,69.34949691,828.8797827,3.38240896,3.587074314,0.645708149,5.55525638,2.77E-08,2.83E-07,"COG0604@1|root,COG0604@2|Bacteria,1MX8A@1224|Proteobacteria,42QBD@68525|delta/epsilon subdivisions,2WM4P@28221|Deltaproteobacteria,2YZSV@29|Myxococcales",Zinc-binding dehydrogenase,,-,-,-,-,-,-,-,-,-,-,-,-,"ADH_N,ADH_zinc_N_2"
J2S48_RS12720,T,2733.574608,1280.639628,4912.977079,1.864525587,1.943697761,0.350614662,5.543686484,2.96E-08,3.02E-07,"COG1609@1|root,COG2202@1|root,COG1609@2|Bacteria,COG2202@2|Bacteria,2I4UR@201174|Actinobacteria",PAS domain,,-,-,-,-,-,-,-,-,-,-,-,-,"PAS_3,Peripla_BP_3"
J2S48_RS24700,-,1730.561323,516.1464883,3552.183575,2.650319325,2.794359649,0.504239173,5.541734552,2.99E-08,3.04E-07,"2ECBY@1|root,336AB@2|Bacteria,2ITFP@201174|Actinobacteria,4F4YS@85017|Promicromonosporaceae",-,,-,-,-,-,-,-,-,-,-,-,-,-,-
J2S48_RS14280,-,1185.169858,510.2041876,2197.618363,2.007751431,2.103994878,0.380017347,5.536575885,3.08E-08,3.12E-07,"2E4WR@1|root,32C23@2|Bacteria,2HKD3@201174|Actinobacteria,4F4U3@85017|Promicromonosporaceae",-,,-,-,-,-,-,-,-,-,-,-,-,-,PKD
J2S48_RS19905,J,2733.4056,1111.984657,5165.537014,2.113319176,2.213681066,0.400461228,5.527828698,3.24E-08,3.27E-07,"COG0333@1|root,COG0333@2|Bacteria,2GQP3@201174|Actinobacteria,4F4XY@85017|Promicromonosporaceae",Belongs to the bacterial ribosomal protein bL32 family,,rpmF,-,-,ko:K02911,"ko03010,map03010",M00178,-,-,"br01610,ko00000,ko00001,ko00002,ko03011,ko03029",-,-,-,Ribosomal_L32p
J2S48_RS06265,E,58.22857878,0,145.5714469,9.942763684,9.043563688,1.648457975,5.486074759,4.11E-08,4.03E-07,"COG1409@1|root,COG3507@1|root,COG1409@2|Bacteria,COG3507@2|Bacteria,2GP0C@201174|Actinobacteria,4FN6M@85023|Microbacteriaceae","Purple acid Phosphatase, N-terminal domain",,-,-,-,-,-,-,-,-,-,-,-,-,"CBM_6,DUF5011,Metallophos,Pur_ac_phosph_N"
J2S48_RS07475,GK,3332.911411,1815.78479,5608.601343,1.562998294,1.629800564,0.298021325,5.46873806,4.53E-08,4.39E-07,"COG1940@1|root,COG1940@2|Bacteria,2GKMZ@201174|Actinobacteria,4F3KG@85017|Promicromonosporaceae",ROK family,,-,-,-,-,-,-,-,-,-,-,-,-,"Crp,ROK"
J2S48_RS01045,,2161.335036,845.3831626,4135.262846,2.182681881,2.291616905,0.419516287,5.462521905,4.69E-08,4.54E-07,,,,,,,,,,,,,,,,
J2S48_RS02125,I,340.0347004,116.2739041,675.6758948,2.402102469,2.531560828,0.46478586,5.446725135,5.13E-08,4.93E-07,"COG0183@1|root,COG0183@2|Bacteria,2GM29@201174|Actinobacteria,4F565@85017|Promicromonosporaceae","Thiolase, C-terminal domain",,yhfS,-,2.3.1.9,ko:K00626,"ko00071,ko00072,ko00280,ko00310,ko00362,ko00380,ko00620,ko00630,ko00640,ko00650,ko00720,ko00900,ko01100,ko01110,ko01120,ko01130,ko01200,ko01212,ko02020,map00071,map00072,map00280,map00310,map00362,map00380,map00620,map00630,map00640,map00650,map00720,map00900,map01100,map01110,map01120,map01130,map01200,map01212,map02020","M00088,M00095,M00373,M00374,M00375","R00238,R01177","RC00004,RC00326","ko00000,ko00001,ko00002,ko01000,ko04147",-,-,-,"Thiolase_C,Thiolase_N"
J2S48_RS01560,-,888.4374277,320.9844174,1739.616943,2.319274344,2.441872367,0.448833714,5.440483397,5.31E-08,5.09E-07,"2B34Q@1|root,2ZK49@2|Bacteria,2I2K1@201174|Actinobacteria,4F5JI@85017|Promicromonosporaceae",-,,-,-,-,-,-,-,-,-,-,-,-,-,-
J2S48_RS24725,S,14677.04778,7994.524456,24700.83275,1.562508331,1.62709195,0.302229874,5.383623824,7.30E-08,6.90E-07,"COG1938@1|root,COG1938@2|Bacteria,2GK10@201174|Actinobacteria,4F36K@85017|Promicromonosporaceae",PAC2 family,,-,-,-,-,-,-,-,-,-,-,-,-,PAC2
J2S48_RS04565,T,1790.854257,565.4596821,3628.94612,2.537138457,2.68356442,0.503779748,5.326860463,9.99E-08,9.29E-07,"COG0784@1|root,COG0784@2|Bacteria,2IFH8@201174|Actinobacteria,4F4HS@85017|Promicromonosporaceae",cheY-homologous receiver domain,,rcp1,-,-,ko:K02485,-,-,-,-,"ko00000,ko02022",-,-,-,Response_reg
J2S48_RS07115,O,877.3930599,413.1500155,1573.757626,1.84420682,1.932248606,0.365357649,5.288649664,1.23E-07,1.13E-06,"COG0464@1|root,COG0464@2|Bacteria,2GJWA@201174|Actinobacteria,4F5FD@85017|Promicromonosporaceae",ATPase family associated with various cellular activities (AAA),,-,-,-,-,-,-,-,-,-,-,-,-,AAA
J2S48_RS17495,,408.029462,145.7427462,801.4595357,2.338730572,2.475292927,0.470241227,5.263879013,1.41E-07,1.29E-06,,,,,,,,,,,,,,,,
J2S48_RS13365,S,27888.49033,13720.39586,49140.63204,1.766094624,1.840314163,0.349832424,5.260559165,1.44E-07,1.31E-06,"COG5276@1|root,COG5276@2|Bacteria,2GMSY@201174|Actinobacteria,4F3QC@85017|Promicromonosporaceae",LVIVD repeat,,-,-,-,-,-,-,-,-,-,-,-,-,LVIVD
J2S48_RS05130,,10243.71223,1602.630133,23205.33537,3.60298193,3.854624284,0.732959746,5.258984965,1.45E-07,1.31E-06,,,,,,,,,,,,,,,,
J2S48_RS24135,G,1521.879771,768.5689891,2651.845945,1.70570945,1.783387599,0.339790042,5.248498713,1.53E-07,1.38E-06,"COG2273@1|root,COG3250@1|root,COG2273@2|Bacteria,COG3250@2|Bacteria,2GQ79@201174|Actinobacteria,4F58Y@85017|Promicromonosporaceae","Beta-1,3-glucanase",,glcI,-,-,-,-,-,-,-,-,-,-,-,"Glyco_hydro_64,Ricin_B_lectin"
J2S48_RS11860,G,4048.102671,1802.965458,7415.80849,1.944738391,2.041734856,0.389217529,5.245742304,1.56E-07,1.40E-06,"COG3661@1|root,COG3661@2|Bacteria,2GM58@201174|Actinobacteria,4F3EB@85017|Promicromonosporaceae",Glycosyl hydrolase family 67 C-terminus,,-,-,3.2.1.139,ko:K01235,-,-,-,-,"ko00000,ko01000",-,-,-,"Glyco_hydro_67C,Glyco_hydro_67M"
J2S48_RS12135,-,2419.842582,1302.519217,4095.827629,1.586202086,1.656509654,0.315911969,5.243579904,1.57E-07,1.41E-06,"2B6D5@1|root,31ZB0@2|Bacteria,2I0N7@201174|Actinobacteria,4F4XT@85017|Promicromonosporaceae",-,,-,-,-,-,-,-,-,-,-,-,-,-,-
J2S48_RS16735,I,1312.361302,564.7938305,2433.712509,1.996679335,2.099228946,0.400889118,5.236432844,1.64E-07,1.46E-06,"COG1835@1|root,COG1835@2|Bacteria,2GKI5@201174|Actinobacteria,4F3KI@85017|Promicromonosporaceae",Acyltransferase family,,-,-,-,-,-,-,-,-,-,-,-,-,Acyl_transf_3
J2S48_RS24985,O,2416.691042,873.9917658,4730.739957,2.308037533,2.439788699,0.466589149,5.228987218,1.70E-07,1.51E-06,"COG2039@1|root,COG2039@2|Bacteria,2GN39@201174|Actinobacteria,4F4ZY@85017|Promicromonosporaceae",Pyroglutamyl peptidase,,pcp,-,3.4.19.3,ko:K01304,-,-,-,-,"ko00000,ko01000,ko01002",-,-,-,Peptidase_C15
J2S48_RS18905,G,1638.185548,888.7723783,2762.305303,1.56860073,1.636026726,0.313297031,5.221966902,1.77E-07,1.56E-06,"COG2133@1|root,COG2133@2|Bacteria,2GRVP@201174|Actinobacteria,4F3A5@85017|Promicromonosporaceae",PA14,,-,-,-,-,-,-,-,-,-,-,-,-,"CBM_35,DUF1080,PA14"
J2S48_RS21785,H,2045.478547,1063.418951,3518.56794,1.654015783,1.730192367,0.331615435,5.217466326,1.81E-07,1.59E-06,"COG0413@1|root,COG0413@2|Bacteria,2GJP6@201174|Actinobacteria,4F3MG@85017|Promicromonosporaceae","Catalyzes the reversible reaction in which hydroxymethyl group from 5,10-methylenetetrahydrofolate is transferred onto alpha-ketoisovalerate to form ketopantoate",,panB,"GO:0000287,GO:0003674,GO:0003824,GO:0003864,GO:0005488,GO:0005575,GO:0005623,GO:0005886,GO:0006082,GO:0006575,GO:0006732,GO:0006766,GO:0006767,GO:0006807,GO:0008150,GO:0008152,GO:0009058,GO:0009108,GO:0009110,GO:0009987,GO:0015939,GO:0015940,GO:0016020,GO:0016053,GO:0016740,GO:0016741,GO:0016742,GO:0019752,GO:0032787,GO:0034641,GO:0040007,GO:0042364,GO:0042398,GO:0043167,GO:0043169,GO:0043436,GO:0043603,GO:0043604,GO:0044237,GO:0044249,GO:0044271,GO:0044281,GO:0044283,GO:0044464,GO:0046394,GO:0046872,GO:0051186,GO:0051188,GO:0071704,GO:0071944,GO:0072330,GO:1901564,GO:1901566,GO:1901576",2.1.2.11,ko:K00606,"ko00770,ko01100,ko01110,map00770,map01100,map01110",M00119,R01226,"RC00022,RC00200","ko00000,ko00001,ko00002,ko01000",-,-,-,Pantoate_transf
J2S48_RS04790,E,4141.484426,2329.971016,6858.754542,1.498739051,1.559658032,0.29930234,5.210978419,1.88E-07,1.64E-06,"COG1126@1|root,COG1126@2|Bacteria,2GIZW@201174|Actinobacteria,4F3U5@85017|Promicromonosporaceae",ATPases associated with a variety of cellular activities,,gluA,-,-,ko:K10008,"ko02010,map02010",M00233,-,-,"ko00000,ko00001,ko00002,ko01000,ko02000",3.A.1.3.9,-,-,ABC_tran
J2S48_RS22005,C,722.8286658,161.5649397,1564.724255,3.067153969,3.273051324,0.62934758,5.200705347,1.99E-07,1.72E-06,"2D9MJ@1|root,31SSV@2|Bacteria,2I8AK@201174|Actinobacteria,4F4G7@85017|Promicromonosporaceae",Belongs to the cytochrome c oxidase bacterial subunit CtaF family,,ctaF,-,-,-,-,-,-,-,-,-,-,-,Cyt_c_ox_IV
J2S48_RS21365,,1225.112832,495.5260758,2319.492966,2.101173611,2.220868133,0.428233355,5.18611665,2.15E-07,1.85E-06,,,,,,,,,,,,,,,,
J2S48_RS00590,L,4220.118251,2428.75138,6907.168557,1.449530078,1.509198033,0.292682423,5.156435494,2.52E-07,2.15E-06,"COG0847@1|root,COG0847@2|Bacteria","DNA polymerase III is a complex, multichain enzyme responsible for most of the replicative synthesis in bacteria. The epsilon subunit contain the editing function and is a proofreading 3'-5' exonuclease",,-,-,-,ko:K03683,-,-,-,-,"ko00000,ko01000,ko03016",-,-,-,"DUF5051,RNase_T"
J2S48_RS26260,-,176.8870338,52.05876292,364.1294401,2.616239662,2.784184374,0.541195317,5.144509361,2.68E-07,2.27E-06,"2ETV4@1|root,33MCC@2|Bacteria,2IMW6@201174|Actinobacteria",-,,-,-,-,-,-,-,-,-,-,-,-,-,-
J2S48_RS09065,K,1046.341705,377.1077341,2050.192663,2.31682393,2.456576868,0.479888363,5.119059054,3.07E-07,2.57E-06,"COG1309@1|root,COG1309@2|Bacteria,2IJT2@201174|Actinobacteria","Bacterial regulatory proteins, tetR family",,-,-,-,-,-,-,-,-,-,-,-,-,TetR_N
J2S48_RS00380,K,4017.168895,2272.998104,6633.425082,1.482594935,1.543984924,0.302194066,5.109249639,3.23E-07,2.68E-06,"COG0454@1|root,COG0456@2|Bacteria,2IMKZ@201174|Actinobacteria","L-2,4-diaminobutyric acid acetyltransferase",,ectA,"GO:0003674,GO:0003824,GO:0006464,GO:0006473,GO:0006807,GO:0008150,GO:0008152,GO:0009987,GO:0016740,GO:0016746,GO:0016747,GO:0019538,GO:0036211,GO:0043170,GO:0043412,GO:0043543,GO:0044237,GO:0044238,GO:0044260,GO:0044267,GO:0071704,GO:1901564",2.3.1.178,ko:K06718,"ko00260,ko01100,ko01120,map00260,map01100,map01120",M00033,R06978,"RC00004,RC00096","ko00000,ko00001,ko00002,ko01000",-,-,-,Acetyltransf_1
J2S48_RS11110,S,846.3513334,346.566332,1596.028835,2.077507127,2.194416776,0.429938241,5.104027891,3.32E-07,2.74E-06,"COG2353@1|root,COG2353@2|Bacteria,2GJUB@201174|Actinobacteria,4F39T@85017|Promicromonosporaceae",YceI-like domain,,-,-,-,-,-,-,-,-,-,-,-,-,YceI
J2S48_RS14425,C,2427.414391,1480.306248,3848.076606,1.328749065,1.378288653,0.270037409,5.104065604,3.32E-07,2.74E-06,"COG0277@1|root,COG0277@2|Bacteria,2GJ33@201174|Actinobacteria,4F34K@85017|Promicromonosporaceae","D-arabinono-1,4-lactone oxidase",,xyoA,-,1.1.3.41,ko:K00594,"ko00040,ko00051,ko01100,map00040,map00051,map01100",-,"R07152,R11620","RC00108,RC00133","ko00000,ko00001,ko01000",-,-,-,"ALO,FAD_binding_4"
J2S48_RS15760,S,4736.31426,2867.783737,7539.110046,1.344795505,1.39585983,0.274365828,5.087586301,3.63E-07,2.98E-06,"2DW0V@1|root,33Y1G@2|Bacteria,2I0MG@201174|Actinobacteria,4F4S6@85017|Promicromonosporaceae",LytR cell envelope-related transcriptional attenuator,,-,-,-,-,-,-,-,-,-,-,-,-,LytR_C
J2S48_RS18295,U,28440.9072,18011.74451,44084.65122,1.239642851,1.291083407,0.254068134,5.081642426,3.74E-07,3.06E-06,"COG0653@1|root,COG0653@2|Bacteria,2GIRT@201174|Actinobacteria,4F3T1@85017|Promicromonosporaceae","Part of the Sec protein translocase complex. Interacts with the SecYEG preprotein conducting channel. Has a central role in coupling the hydrolysis of ATP to the transfer of proteins into and across the cell membrane, serving as an ATP-driven molecular motor driving the stepwise translocation of polypeptide chains across the membrane",,secA,"GO:0000166,GO:0003674,GO:0003824,GO:0005215,GO:0005488,GO:0005524,GO:0005575,GO:0005622,GO:0005623,GO:0005737,GO:0005829,GO:0005886,GO:0005887,GO:0006810,GO:0008104,GO:0008144,GO:0008150,GO:0008320,GO:0008565,GO:0015031,GO:0015399,GO:0015405,GO:0015440,GO:0015450,GO:0015462,GO:0015833,GO:0016020,GO:0016021,GO:0016462,GO:0016787,GO:0016817,GO:0016818,GO:0016887,GO:0017076,GO:0017111,GO:0022804,GO:0022857,GO:0022884,GO:0030554,GO:0031224,GO:0031226,GO:0031522,GO:0032553,GO:0032555,GO:0032559,GO:0032991,GO:0033036,GO:0033220,GO:0035639,GO:0036094,GO:0042623,GO:0042626,GO:0042886,GO:0042887,GO:0043167,GO:0043168,GO:0043492,GO:0043952,GO:0044424,GO:0044425,GO:0044444,GO:0044459,GO:0044464,GO:0045184,GO:0051179,GO:0051234,GO:0055085,GO:0071702,GO:0071705,GO:0071806,GO:0071944,GO:0097159,GO:0097367,GO:1901265,GO:1901363,GO:1904680",-,ko:K03070,"ko02024,ko03060,ko03070,map02024,map03060,map03070",M00335,-,-,"ko00000,ko00001,ko00002,ko02044","3.A.5.1,3.A.5.10,3.A.5.2,3.A.5.4",-,-,"SEC-C,SecA_DEAD,SecA_PP_bind,SecA_SW"
J2S48_RS13230,D,1170.566113,592.1411678,2038.203532,1.694713097,1.776721127,0.349746848,5.080020406,3.77E-07,3.08E-06,"COG0239@1|root,COG0239@2|Bacteria,2HGGJ@201174|Actinobacteria,4F506@85017|Promicromonosporaceae","Important for reducing fluoride concentration in the cell, thus reducing its toxicity",,-,-,-,ko:K06199,-,-,-,-,"ko00000,ko02000","1.A.43.1,1.A.43.2,1.A.43.3",-,-,CRCB
J2S48_RS25515,F,2459.937206,428.914682,5506.470992,3.427532166,3.678764611,0.724396018,5.078388778,3.81E-07,3.10E-06,"COG4290@1|root,COG4290@2|Bacteria,2IM71@201174|Actinobacteria",ribonuclease,,-,-,-,-,-,-,-,-,-,-,-,-,Ribonuclease
J2S48_RS16055,K,2977.331233,1747.789178,4821.644317,1.407562868,1.466100548,0.289043479,5.072249183,3.93E-07,3.19E-06,"COG0745@1|root,COG0745@2|Bacteria,2GJGU@201174|Actinobacteria,4F45F@85017|Promicromonosporaceae","Transcriptional regulatory protein, C terminal",,glnR,-,-,-,-,-,-,-,-,-,-,-,Trans_reg_C
J2S48_RS19320,S,494.2390012,188.3689817,953.0440304,2.195709417,2.328507023,0.459070876,5.072216824,3.93E-07,3.19E-06,"COG5516@1|root,COG5516@2|Bacteria,2GNZF@201174|Actinobacteria,4F5H6@85017|Promicromonosporaceae",Putative stress-induced transcription regulator,,-,-,-,-,-,-,-,-,-,-,-,-,"ABATE,zf-CGNR"
J2S48_RS14235,,6174.678418,4024.376534,9400.131245,1.185532131,1.224264017,0.241933159,5.060339895,4.19E-07,3.38E-06,,,,,,,,,,,,,,,,
J2S48_RS05640,E,1700.50688,683.2024936,3226.463461,2.1105338,2.233479237,0.442834807,5.043594589,4.57E-07,3.66E-06,"COG1605@1|root,COG1605@2|Bacteria,2IQ46@201174|Actinobacteria,4F4SR@85017|Promicromonosporaceae",Chorismate mutase type II,,tyrA,-,5.4.99.5,ko:K04092,"ko00400,ko01100,ko01110,ko01130,ko01230,map00400,map01100,map01110,map01130,map01230","M00024,M00025",R01715,RC03116,"ko00000,ko00001,ko00002,ko01000",-,-,-,CM_2
J2S48_RS22610,M,927.8014641,437.8045799,1662.79679,1.837571726,1.936403788,0.384935682,5.030460619,4.89E-07,3.91E-06,"COG4948@1|root,COG4948@2|Bacteria,2GKSK@201174|Actinobacteria,4F54N@85017|Promicromonosporaceae","Mandelate racemase / muconate lactonizing enzyme, C-terminal domain",,-,-,4.2.1.68,ko:K18334,"ko00051,ko01120,map00051,map01120",-,R03688,RC00543,"ko00000,ko00001,ko01000",-,-,-,"MR_MLE_C,MR_MLE_N"
J2S48_RS10470,K,2206.884504,1326.27934,3527.792251,1.354527083,1.410169031,0.280670134,5.024293156,5.05E-07,4.02E-06,"COG4995@1|root,COG4995@2|Bacteria,2GKCX@201174|Actinobacteria,4F4A0@85017|Promicromonosporaceae",CHAT domain,,-,-,-,-,-,-,-,-,-,-,-,-,"CHAT,TPR_12"
J2S48_RS09835,M,1047.907257,207.6187422,2308.34003,3.244069469,3.487998757,0.696615941,5.007061356,5.53E-07,4.38E-06,"COG0438@1|root,COG0438@2|Bacteria,2IBM0@201174|Actinobacteria",Glycosyltransferase,,-,-,-,ko:K12996,-,-,-,-,"ko00000,ko01000,ko01003,ko01005",-,GT4,-,"DUF1972,Glyco_trans_1_2,Glyco_trans_1_4,Glyco_trans_4_4,Glycos_transf_1"
J2S48_RS21730,S,476.0440834,132.7357745,991.0065467,2.709284934,2.898207106,0.579884546,4.997903679,5.80E-07,4.56E-06,"COG3576@1|root,COG3576@2|Bacteria,2GKCF@201174|Actinobacteria,4F4QR@85017|Promicromonosporaceae",Pfam:Pyridox_oxidase,,-,-,-,-,-,-,-,-,-,-,-,-,Putative_PNPOx
J2S48_RS22280,D,1777.543458,968.9058282,2990.499903,1.557959278,1.630983224,0.326972824,4.988130825,6.10E-07,4.77E-06,"COG2385@1|root,COG2385@2|Bacteria,2IEPH@201174|Actinobacteria,4F5XE@85017|Promicromonosporaceae",Stage II sporulation protein,,-,-,-,-,-,-,-,-,-,-,-,-,"LGFP,SpoIID"
J2S48_RS13400,M,7692.178989,4407.514844,12619.17521,1.453033988,1.516571401,0.305755802,4.960073999,7.05E-07,5.48E-06,"COG0744@1|root,COG0744@2|Bacteria,2GK21@201174|Actinobacteria,4F3J4@85017|Promicromonosporaceae",PFAM glycosyl transferase family 51,,pbp5,-,-,-,-,-,-,-,-,-,-,-,"Transgly,Transpeptidase"
J2S48_RS13600,,1157.351127,643.5993825,1927.978743,1.519249358,1.589396073,0.320452381,4.959851038,7.05E-07,5.48E-06,,,,,,,,,,,,,,,,
J2S48_RS10565,,3662.782129,1543.11173,6842.287726,2.034754307,2.151769409,0.433976742,4.958259742,7.11E-07,5.52E-06,,,,,,,,,,,,,,,,
J2S48_RS11185,,56.39571347,2.282738416,137.5651761,5.675292899,6.21177724,1.26097943,4.926152713,8.39E-07,6.45E-06,,,,,,,,,,,,,,,,
J2S48_RS23870,,518.3687448,225.6648533,957.4245822,1.971225714,2.08798064,0.424076516,4.923594119,8.50E-07,6.52E-06,,,,,,,,,,,,,,,,
J2S48_RS16260,M,4650.383148,2547.036761,7805.402728,1.538985995,1.614570174,0.329591945,4.898694269,9.65E-07,7.38E-06,"COG2027@1|root,COG2027@2|Bacteria,2GJPH@201174|Actinobacteria,4F3BC@85017|Promicromonosporaceae",D-Ala-D-Ala carboxypeptidase 3 (S13) family,,dacB,-,3.4.16.4,ko:K07259,"ko00550,map00550",-,-,-,"ko00000,ko00001,ko01000,ko01002,ko01011",-,-,-,Peptidase_S13
J2S48_RS22285,-,2279.219566,750.0826033,4572.92501,2.438518627,2.609332825,0.534394696,4.88278204,1.05E-06,7.99E-06,"2E39Y@1|root,32Y9G@2|Bacteria,2GQJA@201174|Actinobacteria,4F500@85017|Promicromonosporaceae",-,,-,-,-,-,-,-,-,-,-,-,-,-,-
J2S48_RS25915,C,1323.370014,169.1789492,3054.656611,3.866675453,4.198411293,0.86589078,4.848661504,1.24E-06,9.39E-06,"COG0479@1|root,COG0479@2|Bacteria,2GP9C@201174|Actinobacteria,4F34F@85017|Promicromonosporaceae",2Fe-2S iron-sulfur cluster binding domain,,sdhB1,-,"1.3.5.1,1.3.5.4",ko:K00240,"ko00020,ko00190,ko00650,ko00720,ko01100,ko01110,ko01120,ko01130,ko01200,map00020,map00190,map00650,map00720,map01100,map01110,map01120,map01130,map01200","M00009,M00011,M00149,M00173,M00374,M00376",R02164,RC00045,"ko00000,ko00001,ko00002,ko01000",-,-,iNJ661.Rv0247c,"Fer2_3,Fer4_8"
J2S48_RS07060,M,2027.704418,348.0366289,4547.206102,3.428084697,3.709388212,0.765754812,4.844093901,1.27E-06,9.56E-06,"COG0438@1|root,COG0438@2|Bacteria,2GP58@201174|Actinobacteria",Sulfotransferase family,,-,-,-,-,-,-,-,-,-,-,-,-,Sulfotransfer_3
J2S48_RS22250,KLT,2422.479086,1490.563106,3820.353056,1.306099141,1.360187013,0.281059329,4.839501388,1.30E-06,9.76E-06,"COG0515@1|root,COG0515@2|Bacteria,2GJ1J@201174|Actinobacteria,4F3DB@85017|Promicromonosporaceae",Protein kinase domain,,pknL,"GO:0003674,GO:0003824,GO:0004672,GO:0004674,GO:0005575,GO:0005623,GO:0005886,GO:0006464,GO:0006468,GO:0006793,GO:0006796,GO:0006807,GO:0008150,GO:0008152,GO:0009889,GO:0009890,GO:0009892,GO:0009987,GO:0010565,GO:0016020,GO:0016301,GO:0016310,GO:0016740,GO:0016772,GO:0016773,GO:0018107,GO:0018193,GO:0018210,GO:0019216,GO:0019217,GO:0019222,GO:0019538,GO:0031323,GO:0031324,GO:0031326,GO:0031327,GO:0036211,GO:0042304,GO:0043170,GO:0043412,GO:0044237,GO:0044238,GO:0044260,GO:0044267,GO:0044464,GO:0045717,GO:0045833,GO:0045922,GO:0046777,GO:0046890,GO:0048519,GO:0048523,GO:0050789,GO:0050794,GO:0051055,GO:0062012,GO:0062014,GO:0065007,GO:0071704,GO:0071944,GO:0080090,GO:0140096,GO:1901564",2.7.11.1,"ko:K08884,ko:K12132",-,-,-,-,"ko00000,ko01000,ko01001",-,-,-,"PASTA,Pkinase"
J2S48_RS12510,S,4252.08972,1846.737602,7860.117897,1.970024119,2.089557431,0.432091803,4.835910836,1.33E-06,9.92E-06,"2EGRW@1|root,30RUY@2|Bacteria,2I0NM@201174|Actinobacteria,4F50A@85017|Promicromonosporaceae",Protein of unknown function (DUF3073),,-,-,-,-,-,-,-,-,-,-,-,-,DUF3073
J2S48_RS04260,G,1587.162282,728.0292427,2875.861842,1.868583484,1.983417925,0.412124636,4.812665273,1.49E-06,1.10E-05,"COG3469@1|root,COG3469@2|Bacteria,2GKNC@201174|Actinobacteria",Glycosyl hydrolases family 18,,-,-,-,-,-,-,-,-,-,-,-,-,"F5_F8_type_C,Glyco_hydro_18"
J2S48_RS19755,S,704.9135073,143.7215061,1546.701509,3.185149716,3.446695815,0.716758191,4.808728882,1.52E-06,1.12E-05,"COG3333@1|root,COG3333@2|Bacteria,2GJB2@201174|Actinobacteria,4DA21@85008|Micromonosporales",Tripartite tricarboxylate transporter TctA family,,-,-,-,ko:K07793,"ko02020,map02020",-,-,-,"ko00000,ko00001,ko02000",2.A.80.1,-,-,TctA
J2S48_RS06690,P,462.8763713,139.8711723,947.3841697,2.544890458,2.733276346,0.570414622,4.791736116,1.65E-06,1.21E-05,"COG3945@1|root,COG3945@2|Bacteria",hemerythrin HHE cation binding domain,,-,-,-,-,-,-,-,-,-,-,-,-,F420H2_quin_red
J2S48_RS26365,K,683.0650829,326.8968765,1217.317393,1.793931994,1.898064273,0.396937374,4.781772635,1.74E-06,1.27E-05,"COG2207@1|root,COG2207@2|Bacteria,2GNMI@201174|Actinobacteria",transcriptional regulator,,-,-,-,-,-,-,-,-,-,-,-,-,"AraC_N,HTH_18"
J2S48_RS13895,Q,983.3586192,367.4386984,1907.2385,2.222161423,2.37550148,0.498079221,4.769324596,1.85E-06,1.35E-05,"COG0500@1|root,COG2226@2|Bacteria,2I6CA@201174|Actinobacteria",methyltransferase,,-,-,-,-,-,-,-,-,-,-,-,-,-
J2S48_RS00870,G,531.8636803,281.1981148,907.8620285,1.607508252,1.693423012,0.355556636,4.762737751,1.91E-06,1.38E-05,"COG0036@1|root,COG0036@2|Bacteria,2GJZ9@201174|Actinobacteria,4F3IQ@85017|Promicromonosporaceae",Ribulose-phosphate 3 epimerase family,,rpe,"GO:0003674,GO:0003824,GO:0004750,GO:0005488,GO:0005575,GO:0005622,GO:0005623,GO:0005737,GO:0005829,GO:0005975,GO:0005996,GO:0006081,GO:0006098,GO:0006139,GO:0006725,GO:0006732,GO:0006733,GO:0006739,GO:0006753,GO:0006793,GO:0006796,GO:0006807,GO:0008150,GO:0008152,GO:0009052,GO:0009056,GO:0009117,GO:0009987,GO:0016052,GO:0016853,GO:0016854,GO:0016857,GO:0019321,GO:0019323,GO:0019362,GO:0019637,GO:0019682,GO:0019693,GO:0034641,GO:0043167,GO:0043169,GO:0044237,GO:0044238,GO:0044262,GO:0044281,GO:0044282,GO:0044424,GO:0044444,GO:0044464,GO:0046365,GO:0046483,GO:0046496,GO:0046872,GO:0051156,GO:0051186,GO:0055086,GO:0071704,GO:0072524,GO:1901135,GO:1901360,GO:1901564,GO:1901575",5.1.3.1,ko:K01783,"ko00030,ko00040,ko00710,ko01100,ko01110,ko01120,ko01130,ko01200,ko01230,map00030,map00040,map00710,map01100,map01110,map01120,map01130,map01200,map01230","M00004,M00007",R01529,RC00540,"ko00000,ko00001,ko00002,ko01000",-,-,-,Ribul_P_3_epim
J2S48_RS13225,T,579.16815,206.065634,1138.821924,2.311289754,2.477665196,0.520456699,4.760559721,1.93E-06,1.40E-05,"COG0589@1|root,COG0589@2|Bacteria,2GSFR@201174|Actinobacteria",Universal stress protein family,,-,-,-,-,-,-,-,-,-,-,-,-,Usp
J2S48_RS12810,S,5471.472625,810.4811521,12462.95983,3.628232114,3.944545399,0.830368483,4.750355391,2.03E-06,1.45E-05,"COG3333@1|root,COG3333@2|Bacteria,2GJB2@201174|Actinobacteria",Tripartite tricarboxylate transporter TctA,,-,-,-,ko:K07793,"ko02020,map02020",-,-,-,"ko00000,ko00001,ko02000",2.A.80.1,-,-,TctA
J2S48_RS09625,S,5132.706461,2024.537911,9794.959286,2.134568331,2.275467447,0.479081752,4.749643326,2.04E-06,1.45E-05,"2BKAF@1|root,31WMZ@2|Bacteria,2HY50@201174|Actinobacteria,4F51R@85017|Promicromonosporaceae",Protein of unknown function (DUF3017),,-,-,-,-,-,-,-,-,-,-,-,-,DUF3017
J2S48_RS09320,S,7598.491816,2558.185888,15158.95071,2.397466772,2.568509087,0.541283283,4.745221525,2.08E-06,1.48E-05,"COG1451@1|root,COG1451@2|Bacteria,2GMP6@201174|Actinobacteria,4F351@85017|Promicromonosporaceae",Protein of unknown function DUF45,,-,-,-,ko:K07043,-,-,-,-,ko00000,-,-,-,DUF45
J2S48_RS06110,H,440.8851315,211.2523991,785.3342303,1.787315457,1.893752929,0.399783723,4.736943549,2.17E-06,1.54E-05,"COG4278@1|root,COG4278@2|Bacteria,2IKJY@201174|Actinobacteria,4E5NV@85010|Pseudonocardiales",phenylacetate-CoA ligase activity,,-,-,-,-,-,-,-,-,-,-,-,-,-
J2S48_RS07375,-,345.3184769,111.8149811,695.5737206,2.455014801,2.638124457,0.557059214,4.735806163,2.18E-06,1.54E-05,"2FB67@1|root,343CH@2|Bacteria,2I76T@201174|Actinobacteria",-,,-,-,-,-,-,-,-,-,-,-,-,-,-
J2S48_RS14055,S,700.8917128,299.9090167,1302.365757,1.990206085,2.12010253,0.44835933,4.728579035,2.26E-06,1.59E-05,"COG5512@1|root,COG5512@2|Bacteria,2GNQ4@201174|Actinobacteria,4F4G5@85017|Promicromonosporaceae",Protein of unknown function (DUF721),,-,-,-,-,-,-,-,-,-,-,-,-,DUF721
J2S48_RS21745,M,4078.567784,1815.85848,7472.63174,1.918073585,2.038345905,0.431959587,4.718834742,2.37E-06,1.67E-05,"COG0791@1|root,COG0791@2|Bacteria,2GIWB@201174|Actinobacteria,4F4BP@85017|Promicromonosporaceae",pfam nlp p60,,spl,-,-,ko:K21471,-,-,-,-,"ko00000,ko01000,ko01002,ko01011",-,-,-,NLPC_P60
J2S48_RS15405,S,1904.798588,917.2443464,3386.12995,1.772731223,1.879210109,0.398386529,4.717052341,2.39E-06,1.68E-05,"COG5476@1|root,COG5476@2|Bacteria,2GMKS@201174|Actinobacteria",MlrC domain protein,,-,-,-,-,-,-,-,-,-,-,-,-,"DUF1485,MlrC_C"
J2S48_RS22290,L,12783.16126,8197.870999,19661.09664,1.213767367,1.261629313,0.267553911,4.715420941,2.41E-06,1.69E-05,"COG0187@1|root,COG0187@2|Bacteria,2GM1E@201174|Actinobacteria,4F3SU@85017|Promicromonosporaceae",DNA topoisomerase type IIA subunit B region 2,,gyrB2,-,5.99.1.3,ko:K02470,-,-,-,-,"ko00000,ko01000,ko03032,ko03400",-,-,-,"DNA_gyraseB,DNA_gyraseB_C,HATPase_c,Toprim"
J2S48_RS14275,,142.7607523,44.70024847,289.8515079,2.505626314,2.699345802,0.572909194,4.711646852,2.46E-06,1.72E-05,,,,,,,,,,,,,,,,
J2S48_RS06115,M,1302.441938,489.7981748,2521.407583,2.207486208,2.363912653,0.502922316,4.700353466,2.60E-06,1.81E-05,"COG0510@1|root,COG0510@2|Bacteria,2H44W@201174|Actinobacteria,4EBCR@85010|Pseudonocardiales",thiamine kinase activity,virulence,-,-,-,-,-,-,-,-,-,-,-,-,APH
J2S48_RS09730,-,632.925316,169.7943597,1327.621751,2.735937306,2.957633031,0.630628666,4.689975558,2.73E-06,1.89E-05,"292CW@1|root,2ZPX8@2|Bacteria,2GRAN@201174|Actinobacteria",-,,-,-,-,-,-,-,-,-,-,-,-,-,-
J2S48_RS21830,S,11805.56415,6937.585916,19107.5315,1.392904366,1.461165489,0.312045493,4.682539962,2.83E-06,1.95E-05,"2AUFS@1|root,2ZBYU@2|Bacteria,2I87Z@201174|Actinobacteria",Domain of unknown function (DUF4191),,-,-,-,-,-,-,-,-,-,-,-,-,DUF4191
J2S48_RS19075,V,288.7074507,62.29165729,628.3311407,3.038068455,3.295854549,0.704804555,4.676267377,2.92E-06,2.01E-05,"COG1131@1|root,COG1131@2|Bacteria,2GN8P@201174|Actinobacteria,4F5IX@85017|Promicromonosporaceae",ATPases associated with a variety of cellular activities,,-,-,-,ko:K01990,-,M00254,-,-,"ko00000,ko00002,ko02000",3.A.1,-,-,ABC_tran
J2S48_RS13850,-,1561.127002,800.5539167,2701.986629,1.66202995,1.758647547,0.377569649,4.657809627,3.20E-06,2.18E-05,"2BIEE@1|root,32CKR@2|Bacteria,2IQCF@201174|Actinobacteria,4F4MD@85017|Promicromonosporaceae",-,,-,-,-,-,-,-,-,-,-,-,-,-,-
J2S48_RS14760,E,1072.455462,286.9629943,2250.694164,2.74659791,2.972460669,0.639095689,4.651041653,3.30E-06,2.25E-05,"COG0683@1|root,COG0683@2|Bacteria,2IBBY@201174|Actinobacteria",Periplasmic binding protein,,-,-,-,ko:K01999,"ko02010,ko02024,map02010,map02024",M00237,-,-,"ko00000,ko00001,ko00002,ko02000",3.A.1.4,-,-,Peripla_BP_6
J2S48_RS07390,T,621.5218862,225.2389237,1215.94633,2.277634427,2.451359445,0.528975374,4.634165529,3.58E-06,2.43E-05,"COG3279@1|root,COG3279@2|Bacteria,2HUIC@201174|Actinobacteria,4F5TI@85017|Promicromonosporaceae",LytTr DNA-binding domain,,-,-,-,ko:K02477,-,-,-,-,"ko00000,ko02022",-,-,-,"LytTR,Response_reg"
J2S48_RS23465,,1019.188559,312.7947507,2078.779271,2.530736073,2.733728348,0.590365071,4.630572643,3.65E-06,2.46E-05,,,,,,,,,,,,,,,,
J2S48_RS07430,H,5391.448254,3174.684315,8716.594163,1.388459738,1.458547712,0.315635715,4.620984387,3.82E-06,2.58E-05,"COG1488@1|root,COG1488@2|Bacteria,2GJAT@201174|Actinobacteria,4F3IF@85017|Promicromonosporaceae",Catalyzes the synthesis of beta-nicotinate D- ribonucleotide from nicotinate and 5-phospho-D-ribose 1-phosphate at the expense of ATP,,pncB,-,6.3.4.21,ko:K00763,"ko00760,ko01100,map00760,map01100",-,R01724,RC00033,"ko00000,ko00001,ko01000",-,-,-,NAPRTase
J2S48_RS11635,G,2283.919029,903.1882992,4355.015124,2.12077263,2.270215142,0.49289621,4.605868527,4.11E-06,2.75E-05,"COG0297@1|root,COG0297@2|Bacteria,2ICB8@201174|Actinobacteria,4F5ZP@85017|Promicromonosporaceae",Glycosyl transferases group 1,,-,-,-,-,-,-,-,-,-,-,-,-,"Glyco_trans_1_4,Glyco_transf_4"
J2S48_RS21475,S,787.7145004,271.3184104,1562.308635,2.354240952,2.537564567,0.550990479,4.605459923,4.12E-06,2.75E-05,"COG1444@1|root,COG1444@2|Bacteria,2IMCJ@201174|Actinobacteria",Acetyltransferase (GNAT) family,,-,-,-,-,-,-,-,-,-,-,-,-,Acetyltransf_1
J2S48_RS18950,G,717.9312244,276.9615698,1379.385706,2.156919765,2.316968337,0.503248391,4.604025321,4.14E-06,2.76E-05,"COG2133@1|root,COG3291@1|root,COG2133@2|Bacteria,COG3291@2|Bacteria,2GJFY@201174|Actinobacteria,4F3H9@85017|Promicromonosporaceae",Repeats in polycystic kidney disease 1 (PKD1) and other proteins,,-,-,-,-,-,-,-,-,-,-,-,-,"Big_3_5,CBM_6,GSDH,PKD"
J2S48_RS07640,K,1351.33897,700.8589896,2327.058941,1.626663221,1.726067283,0.37608714,4.589540827,4.44E-06,2.95E-05,"COG1316@1|root,COG1316@2|Bacteria,2GJM3@201174|Actinobacteria,4F40U@85017|Promicromonosporaceae",Cell envelope-related transcriptional attenuator domain,,yvhJ,-,-,-,-,-,-,-,-,-,-,-,"LytR_C,LytR_cpsA_psr"
J2S48_RS13135,S,3297.295448,2097.223078,5097.404002,1.228119204,1.280731139,0.279160123,4.587801178,4.48E-06,2.97E-05,"COG2372@1|root,COG2372@2|Bacteria,2GMKG@201174|Actinobacteria,4F514@85017|Promicromonosporaceae",CopC domain,,-,-,-,"ko:K07156,ko:K14166",-,-,-,-,"ko00000,ko02000",9.B.62.2,-,-,CopC
J2S48_RS09530,-,1432.670181,891.814919,2243.953073,1.27754306,1.335044644,0.291328905,4.58260276,4.59E-06,3.04E-05,"28XFW@1|root,2ZINF@2|Bacteria",-,,-,-,-,-,-,-,-,-,-,-,-,-,-
J2S48_RS20365,C,1256.177888,724.8509988,2053.168222,1.429553863,1.502821715,0.328034851,4.581286746,4.62E-06,3.05E-05,"COG1282@1|root,COG1282@2|Bacteria,2GNKB@201174|Actinobacteria,4F370@85017|Promicromonosporaceae",The transhydrogenation between NADH and NADP is coupled to respiration and ATP hydrolysis and functions as a proton pump across the membrane,,pntB,-,1.6.1.2,ko:K00325,"ko00760,ko01100,map00760,map01100",-,R00112,RC00001,"ko00000,ko00001,ko01000",-,-,-,PNTB
J2S48_RS08430,S,3521.689926,1888.241842,5971.862053,1.567376829,1.661154619,0.363185796,4.57384247,4.79E-06,3.15E-05,"COG2954@1|root,COG2954@2|Bacteria,2GWD8@201174|Actinobacteria,4F3DI@85017|Promicromonosporaceae",CYTH,,-,-,-,-,-,-,-,-,-,-,-,-,-
J2S48_RS05135,L,935.8327754,456.5017236,1654.829353,1.737988927,1.850515556,0.405062961,4.568464003,4.91E-06,3.22E-05,"COG0553@1|root,COG0553@2|Bacteria,2GISC@201174|Actinobacteria,4F3VU@85017|Promicromonosporaceae",SNF2 family N-terminal domain,,-,-,-,-,-,-,-,-,-,-,-,-,"HHH_5,Helicase_C,SNF2_N"
J2S48_RS10860,S,8100.833014,5143.468294,12536.88009,1.229321157,1.284407395,0.281656034,4.560198391,5.11E-06,3.34E-05,"COG4733@1|root,COG4733@2|Bacteria,2GMKC@201174|Actinobacteria,4F390@85017|Promicromonosporaceae",fibronectin type III domain,,-,-,-,-,-,-,-,-,-,-,-,-,fn3
J2S48_RS13025,,2517.276198,900.9104223,4941.824862,2.275852269,2.458057356,0.539877237,4.552993134,5.29E-06,3.45E-05,,,,,,,,,,,,,,,,
J2S48_RS12900,I,778.9465538,394.9524401,1354.937724,1.684511212,1.788233018,0.392847782,4.551974328,5.31E-06,3.46E-05,"COG0777@1|root,COG0825@1|root,COG0777@2|Bacteria,COG0825@2|Bacteria,2GNP7@201174|Actinobacteria,4FE8J@85021|Intrasporangiaceae",acetyl-CoA carboxylase,,accD3,"GO:0005575,GO:0005623,GO:0005886,GO:0006082,GO:0006629,GO:0006631,GO:0006633,GO:0008150,GO:0008152,GO:0008610,GO:0009058,GO:0009059,GO:0009273,GO:0009987,GO:0016020,GO:0016053,GO:0019752,GO:0032787,GO:0034645,GO:0042546,GO:0043170,GO:0043436,GO:0044036,GO:0044038,GO:0044085,GO:0044237,GO:0044238,GO:0044249,GO:0044255,GO:0044260,GO:0044281,GO:0044283,GO:0044464,GO:0046394,GO:0070589,GO:0071554,GO:0071704,GO:0071766,GO:0071767,GO:0071768,GO:0071840,GO:0071944,GO:0072330,GO:1901576","2.1.3.15,6.4.1.2","ko:K01962,ko:K01963","ko00061,ko00620,ko00640,ko00720,ko01100,ko01110,ko01120,ko01130,ko01200,ko01212,map00061,map00620,map00640,map00720,map01100,map01110,map01120,map01130,map01200,map01212","M00082,M00376","R00742,R04386","RC00040,RC00253,RC00367","ko00000,ko00001,ko00002,ko01000",-,-,-,Carboxyl_trans
J2S48_RS08180,,273.8121959,121.8367805,501.775319,1.921467559,2.057012547,0.454468126,4.526197613,6.01E-06,3.87E-05,,,,,,,,,,,,,,,,
J2S48_RS24685,G,1698.830825,808.7138225,3034.00633,1.791589813,1.91331606,0.424175896,4.510666634,6.46E-06,4.15E-05,"COG3001@1|root,COG3001@2|Bacteria,2GW7W@201174|Actinobacteria,4F53E@85017|Promicromonosporaceae",Fructosamine kinase,,-,-,-,-,-,-,-,-,-,-,-,-,Fructosamin_kin
J2S48_RS07885,C,3181.011526,2023.531122,4917.232131,1.226006944,1.281076173,0.286198804,4.476175846,7.60E-06,4.82E-05,"COG1004@1|root,COG1004@2|Bacteria,2GJQB@201174|Actinobacteria,4F4WA@85017|Promicromonosporaceae",UDP binding domain,,ugd,-,1.1.1.22,ko:K00012,"ko00040,ko00053,ko00520,ko01100,map00040,map00053,map00520,map01100","M00014,M00129,M00361,M00362",R00286,RC00291,"ko00000,ko00001,ko00002,ko01000",-,-,-,"UDPG_MGDP_dh,UDPG_MGDP_dh_C,UDPG_MGDP_dh_N"
J2S48_RS26130,G,1161.964925,566.2355216,2055.559029,1.752605113,1.868218581,0.41806585,4.468718455,7.87E-06,4.96E-05,"COG3664@1|root,COG3664@2|Bacteria,2GNRR@201174|Actinobacteria,4F5I9@85017|Promicromonosporaceae",Belongs to the glycosyl hydrolase 43 family,,-,-,-,-,-,-,-,-,-,-,-,-,"CBM_35,Ricin_B_lectin"
J2S48_RS24075,-,8675.439425,2628.85484,17745.3163,2.535683632,2.756309167,0.61831408,4.457781663,8.28E-06,5.19E-05,"2B6E2@1|root,31ZBX@2|Bacteria,2I0PB@201174|Actinobacteria,4F52N@85017|Promicromonosporaceae",-,,-,-,-,-,-,-,-,-,-,-,-,-,-
J2S48_RS00480,C,3062.900279,2042.244605,4593.88379,1.12325292,1.168879368,0.262655372,4.45023971,8.58E-06,5.35E-05,"COG2141@1|root,COG2141@2|Bacteria,2GKCU@201174|Actinobacteria,4F3AV@85017|Promicromonosporaceae",Luciferase-like monooxygenase,,-,-,-,-,-,-,-,-,-,-,-,-,Bac_luciferase
J2S48_RS17370,M,2385.688876,1174.949126,4201.798501,1.725653893,1.838770242,0.41356963,4.446095912,8.74E-06,5.45E-05,"COG1215@1|root,COG1215@2|Bacteria,2GNYT@201174|Actinobacteria",GtrA-like protein,,dpm,-,2.4.1.83,ko:K00721,"ko00510,ko01100,map00510,map01100",-,R01009,RC00005,"ko00000,ko00001,ko01000,ko01003",-,GT2,-,"Glycos_transf_2,GtrA"
J2S48_RS10505,U,9691.152419,6625.960138,14288.94084,1.068178949,1.10844549,0.250075096,4.432450515,9.32E-06,5.78E-05,"COG0690@1|root,COG0690@2|Bacteria,2HGW3@201174|Actinobacteria,4F4Z0@85017|Promicromonosporaceae",Essential subunit of the Sec protein translocation channel SecYEG. Clamps together the 2 halves of SecY. May contact the channel plug during translocation,,secE,-,-,ko:K03073,"ko02024,ko03060,ko03070,map02024,map03060,map03070",M00335,-,-,"ko00000,ko00001,ko00002,ko02044","3.A.5.1,3.A.5.2",-,-,SecE
J2S48_RS21530,M,6295.007892,1857.762303,12950.87628,2.569797295,2.800631072,0.632066164,4.430914408,9.38E-06,5.80E-05,"COG3209@1|root,COG3209@2|Bacteria,2GMBB@201174|Actinobacteria",COG3209 Rhs family protein,,-,-,-,-,-,-,-,-,-,-,-,-,"Endonuclea_NS_2,PT-HINT,RHS_repeat,TGFb_propeptide,Tox-REase-5"
J2S48_RS24690,-,1895.566927,308.9133374,4275.547311,3.438093069,3.786217848,0.855326072,4.426636777,9.57E-06,5.91E-05,"2EGVE@1|root,33AMN@2|Bacteria,2I0NP@201174|Actinobacteria,4F50D@85017|Promicromonosporaceae",-,,-,-,-,-,-,-,-,-,-,-,-,-,-
J2S48_RS07340,O,1577.465977,747.2826884,2822.74091,1.789328754,1.914104544,0.43296737,4.420897921,9.83E-06,6.03E-05,"COG3118@1|root,COG3118@2|Bacteria,2I2FB@201174|Actinobacteria,4F4MQ@85017|Promicromonosporaceae",Thioredoxin,,-,-,1.8.1.9,"ko:K00384,ko:K03671","ko00450,ko04621,ko05418,map00450,map04621,map05418",-,"R02016,R03596,R09372","RC00013,RC02518,RC02873","ko00000,ko00001,ko01000,ko03110",-,-,-,Thioredoxin
J2S48_RS14485,M,2802.341086,1637.851909,4549.074851,1.396962688,1.473888583,0.333802958,4.415444948,1.01E-05,6.17E-05,"COG3064@1|root,COG3064@2|Bacteria",translation initiation factor activity,,-,-,-,ko:K03646,-,-,-,-,"ko00000,ko02000",2.C.1.2,-,-,"DUF1524,Excalibur"
J2S48_RS05705,,2211.279966,1066.123765,3929.014267,1.76293168,1.884051243,0.429023223,4.391490111,1.13E-05,6.85E-05,,,,,,,,,,,,,,,,
J2S48_RS14510,E,49639.60766,25005.45007,86590.84405,1.688059081,1.792057888,0.409833936,4.372643963,1.23E-05,7.42E-05,"COG0683@1|root,COG0683@2|Bacteria,2GM00@201174|Actinobacteria,4F45N@85017|Promicromonosporaceae",Periplasmic binding protein,,livK,-,-,ko:K01999,"ko02010,ko02024,map02010,map02024",M00237,-,-,"ko00000,ko00001,ko00002,ko02000",3.A.1.4,-,-,Peripla_BP_6
J2S48_RS04555,K,26270.85969,9797.171867,50981.39142,2.183319189,2.379711518,0.547753626,4.344492494,1.40E-05,8.33E-05,"COG1278@1|root,COG1278@2|Bacteria,2GQRU@201174|Actinobacteria,4F4TI@85017|Promicromonosporaceae",Cold shock protein domain,,-,-,-,ko:K03704,-,-,-,-,"ko00000,ko03000",-,-,-,CSD
J2S48_RS15000,-,2245.407968,1019.042589,4084.956035,1.860099619,2.000799771,0.460891751,4.34114902,1.42E-05,8.41E-05,"2E9CF@1|root,333K4@2|Bacteria,2IQYJ@201174|Actinobacteria,4F43D@85017|Promicromonosporaceae",-,,-,-,-,-,-,-,-,-,-,-,-,-,-
J2S48_RS01805,E,378.2350449,136.430959,740.9411738,2.234874098,2.429113519,0.561681655,4.324715785,1.53E-05,9.00E-05,"COG0683@1|root,COG0683@2|Bacteria,2GMCF@201174|Actinobacteria",ABC-type branched-chain amino acid transport,,ilvJ,-,-,-,-,-,-,-,-,-,-,-,Peripla_BP_6
J2S48_RS08580,H,1784.293292,1038.723513,2902.64796,1.399557605,1.481394333,0.344697769,4.297661511,1.73E-05,0.000101049,"COG1072@1|root,COG1072@2|Bacteria,2I32A@201174|Actinobacteria,4F5GZ@85017|Promicromonosporaceae",(Pantothenic acid kinase)),,-,-,-,ko:K02173,-,-,-,-,ko00000,-,-,-,"AAA_33,PRK"
J2S48_RS17820,G,165.0763448,23.32486855,377.7035591,3.556206358,3.945161518,0.919159606,4.292139788,1.77E-05,0.000103065,"COG2723@1|root,COG2723@2|Bacteria,2GJAF@201174|Actinobacteria,4F363@85017|Promicromonosporaceae",Glycosyl hydrolase family 1,,-,-,3.2.1.21,ko:K05350,"ko00460,ko00500,ko00940,ko01100,ko01110,map00460,map00500,map00940,map01100,map01110",-,"R00026,R02558,R02887,R02985,R03527,R04949,R04998,R10035,R10039,R10040","RC00049,RC00059,RC00171,RC00262,RC00397,RC00451,RC00714,RC00746,RC01248","ko00000,ko00001,ko01000",-,-,-,Glyco_hydro_1
J2S48_RS16885,EP,1329.46281,572.2500663,2465.281925,1.947076491,2.101823556,0.490010035,4.289347989,1.79E-05,0.000104192,"COG1173@1|root,COG1173@2|Bacteria,2GMJC@201174|Actinobacteria,4F5BI@85017|Promicromonosporaceae",Binding-protein-dependent transport system inner membrane component,,-,-,-,ko:K02034,"ko02024,map02024",M00239,-,-,"ko00000,ko00001,ko00002,ko02000",3.A.1.5,-,-,BPD_transp_1
J2S48_RS19065,IQ,1249.551581,682.9619748,2099.435991,1.522909874,1.618320347,0.377403814,4.288033895,1.80E-05,0.000104631,"COG0318@1|root,COG0318@2|Bacteria,2IB3B@201174|Actinobacteria",AMP-binding enzyme,,-,-,6.1.3.1,ko:K22319,-,-,-,-,"ko00000,ko01000",-,-,-,"AMP-binding,AMP-binding_C"
J2S48_RS13670,K,12728.77276,4113.337041,25651.92635,2.41668273,2.641592342,0.61952267,4.263915544,2.01E-05,0.000116201,"COG1309@1|root,COG1309@2|Bacteria,2GMDA@201174|Actinobacteria",transcriptional regulator,,-,-,-,-,-,-,-,-,-,-,-,-,TetR_N
J2S48_RS14770,E,316.9444017,133.3136659,592.3905055,1.971494655,2.133405573,0.500868395,4.259413437,2.05E-05,0.000117967,"COG0410@1|root,COG0410@2|Bacteria,2GKSQ@201174|Actinobacteria,4DUR7@85009|Propionibacteriales",ATPases associated with a variety of cellular activities,,-,-,-,ko:K01996,"ko02010,ko02024,map02010,map02024",M00237,-,-,"ko00000,ko00001,ko00002,ko02000",3.A.1.4,-,-,ABC_tran
J2S48_RS13190,K,514.5067028,186.3783682,1006.699205,2.245333249,2.451510474,0.575627941,4.258845517,2.05E-05,0.000118068,"COG4941@1|root,COG4941@2|Bacteria,2GJ36@201174|Actinobacteria",belongs to the sigma-70 factor family,,-,-,-,ko:K03088,-,-,-,-,"ko00000,ko03021",-,-,-,"Sigma70_r2,Sigma70_r4_2"
J2S48_RS17975,G,4463.699681,2675.504056,7145.993118,1.339928423,1.41727597,0.333079674,4.255065919,2.09E-05,0.000119878,"COG1482@1|root,COG1482@2|Bacteria,2GJXC@201174|Actinobacteria,4F3DG@85017|Promicromonosporaceae",Phosphomannose isomerase type I,,manA,-,5.3.1.8,ko:K01809,"ko00051,ko00520,ko01100,ko01110,ko01130,map00051,map00520,map01100,map01110,map01130",M00114,R01819,RC00376,"ko00000,ko00001,ko00002,ko01000",-,-,-,PMI_typeI
J2S48_RS14150,M,8955.876626,5968.596101,13436.79741,1.120717254,1.171623849,0.275384584,4.254500495,2.10E-05,0.00011996,"COG1361@1|root,COG1361@2|Bacteria,2I9F2@201174|Actinobacteria,4F42I@85017|Promicromonosporaceae",Conserved repeat domain,,-,-,-,-,-,-,-,-,-,-,-,-,-
J2S48_RS18155,P,2812.506721,1616.016653,4607.241823,1.424406199,1.508097149,0.35449923,4.254161983,2.10E-05,0.00011996,"COG1914@1|root,COG1914@2|Bacteria,2HGNF@201174|Actinobacteria,4F5SV@85017|Promicromonosporaceae",Natural resistance-associated macrophage protein,,-,-,-,-,-,-,-,-,-,-,-,-,Nramp
J2S48_RS11010,K,1398.926516,734.1844546,2396.039608,1.599025423,1.707144125,0.402449214,4.241887087,2.22E-05,0.000125871,"COG0454@1|root,COG0456@2|Bacteria,2I784@201174|Actinobacteria",acetyltransferase,,-,-,-,-,-,-,-,-,-,-,-,-,-
J2S48_RS17405,ET,5509.035446,2952.894493,9343.246876,1.556692469,1.659893473,0.392021496,4.234189935,2.29E-05,0.000130044,"COG0834@1|root,COG0834@2|Bacteria,2GJQW@201174|Actinobacteria",Belongs to the bacterial solute-binding protein 3 family,,atrA,-,-,ko:K02030,-,M00236,-,-,"ko00000,ko00002,ko02000",3.A.1.3,-,-,SBP_bac_3
J2S48_RS15540,G,256.660503,62.45661236,547.9663389,2.854162846,3.160215018,0.74821739,4.223658873,2.40E-05,0.000135824,"COG3507@1|root,COG3507@2|Bacteria,2GIYA@201174|Actinobacteria,4F5JA@85017|Promicromonosporaceae",Glycosyl hydrolases family 43,,-,-,3.2.1.99,ko:K06113,-,-,-,-,"ko00000,ko01000",-,GH43,-,"Glyco_hydro_43,RicinB_lectin_2"
J2S48_RS07790,K,1857.085365,1083.028759,3018.170273,1.397755869,1.482434033,0.351232223,4.220666379,2.44E-05,0.000137412,"COG1316@1|root,COG1316@2|Bacteria,2GJM3@201174|Actinobacteria,4F3Y4@85017|Promicromonosporaceae",Cell envelope-related transcriptional attenuator domain,,-,-,-,-,-,-,-,-,-,-,-,-,LytR_cpsA_psr
J2S48_RS13240,-,1595.324525,433.8014745,3337.609101,2.671345494,2.944722579,0.698343187,4.216727007,2.48E-05,0.000139603,"2C39G@1|root,345D9@2|Bacteria,2GQEK@201174|Actinobacteria",-,,-,-,-,-,-,-,-,-,-,-,-,-,-
J2S48_RS12415,O,662.002174,368.8874953,1101.674192,1.476571155,1.570982849,0.372716247,4.214956711,2.50E-05,0.00014024,"COG0229@1|root,COG0229@2|Bacteria,2IHV0@201174|Actinobacteria,4F4H0@85017|Promicromonosporaceae",SelR domain,,msrB,-,1.8.4.12,ko:K07305,-,-,-,-,"ko00000,ko01000",-,-,-,SelR
J2S48_RS08010,K,2148.292742,397.4995076,4774.482595,3.231579031,3.593224247,0.852791667,4.213484239,2.51E-05,0.000140695,"COG1595@1|root,COG1595@2|Bacteria,2GK4C@201174|Actinobacteria,4F4CQ@85017|Promicromonosporaceae",ECF sigma factor,,sigE,"GO:0000302,GO:0000988,GO:0000990,GO:0003674,GO:0003676,GO:0003677,GO:0005488,GO:0006355,GO:0006950,GO:0006979,GO:0008150,GO:0009266,GO:0009405,GO:0009408,GO:0009410,GO:0009605,GO:0009607,GO:0009628,GO:0009636,GO:0009889,GO:0010035,GO:0010468,GO:0010556,GO:0016987,GO:0019219,GO:0019222,GO:0031323,GO:0031326,GO:0040007,GO:0042221,GO:0042493,GO:0042542,GO:0043207,GO:0043254,GO:0044087,GO:0044110,GO:0044116,GO:0044117,GO:0044119,GO:0044403,GO:0044419,GO:0046677,GO:0050789,GO:0050794,GO:0050896,GO:0051128,GO:0051171,GO:0051252,GO:0051701,GO:0051704,GO:0051707,GO:0052173,GO:0052200,GO:0052564,GO:0052572,GO:0060255,GO:0065007,GO:0075136,GO:0080090,GO:0090034,GO:0097159,GO:0140110,GO:1901363,GO:1901700,GO:1903506,GO:2000112,GO:2000142,GO:2001141",-,ko:K03088,-,-,-,-,"ko00000,ko03021",-,-,-,"Sigma70_r2,Sigma70_r4_2"
J2S48_RS14330,,3854.521695,2409.506932,6022.043839,1.254689041,1.321371884,0.314095724,4.206908226,2.59E-05,0.000144613,,,,,,,,,,,,,,,,
J2S48_RS14500,K,26784.87171,12949.22748,47538.33806,1.746401647,1.876294763,0.448050339,4.187687408,2.82E-05,0.000156904,"COG1278@1|root,COG1278@2|Bacteria,2GQRU@201174|Actinobacteria,4F4W1@85017|Promicromonosporaceae",Cold shock protein domain,,-,-,-,ko:K03704,-,-,-,-,"ko00000,ko03000",-,-,-,CSD
J2S48_RS19295,S,1199.445166,507.9614716,2236.670708,1.973963732,2.142516434,0.51172025,4.18689007,2.83E-05,0.0001572,"COG2606@1|root,COG2606@2|Bacteria,2IHS8@201174|Actinobacteria,4F4HG@85017|Promicromonosporaceae",Belongs to the prolyl-tRNA editing family. YbaK EbsC subfamily,,ybaK,-,-,ko:K03976,-,-,-,-,"ko00000,ko01000,ko03016",-,-,-,tRNA_edit
J2S48_RS23880,G,3411.398366,2037.540367,5472.185364,1.344133621,1.422633734,0.340187011,4.181916678,2.89E-05,0.000160418,"COG3291@1|root,COG3386@1|root,COG3291@2|Bacteria,COG3386@2|Bacteria,2GNGF@201174|Actinobacteria,4F43T@85017|Promicromonosporaceae",Pkd domain containing protein,,-,-,-,-,-,-,-,-,-,-,-,-,"Big_3_2,Copper-bind,DUF1080"
J2S48_RS12005,,1360.63806,750.1655007,2276.346899,1.506845513,1.609108572,0.386451151,4.163808464,3.13E-05,0.000173411,,,,,,,,,,,,,,,,
J2S48_RS18805,S,1550.763983,858.4972401,2589.164097,1.492912734,1.592534954,0.383082739,4.157156641,3.22E-05,0.000178247,"COG3573@1|root,COG3573@2|Bacteria,2GIYM@201174|Actinobacteria,4F3H5@85017|Promicromonosporaceae",NAD(P)-binding Rossmann-like domain,,-,-,-,ko:K07077,-,-,-,-,ko00000,-,-,-,FAD_binding_2
J2S48_RS01115,S,5449.77232,3728.624037,8031.494744,1.061383173,1.107651067,0.266917028,4.149795447,3.33E-05,0.000182891,"COG1559@1|root,COG1559@2|Bacteria,2GKGQ@201174|Actinobacteria,4F404@85017|Promicromonosporaceae",Functions as a peptidoglycan terminase that cleaves nascent peptidoglycan strands endolytically to terminate their elongation,,mltG,-,-,ko:K07082,-,-,-,-,ko00000,-,-,-,YceG
J2S48_RS05745,F,2183.806626,1339.119728,3450.836974,1.288498489,1.365083172,0.329463358,4.143353548,3.42E-05,0.000187619,"COG1457@1|root,COG1457@2|Bacteria,2GJ6B@201174|Actinobacteria,4F5B8@85017|Promicromonosporaceae","Permease for cytosine/purines, uracil, thiamine, allantoin",,-,-,-,ko:K03457,-,-,-,-,ko00000,2.A.39,-,-,Transp_cyt_pur
J2S48_RS14960,,429.8817989,229.3935662,730.614148,1.564556968,1.675738599,0.40445401,4.143211729,3.42E-05,0.000187619,,,,,,,,,,,,,,,,
J2S48_RS19090,E,5196.108677,1995.421557,9997.139356,2.123075837,2.32289852,0.564370197,4.115912806,3.86E-05,0.000210596,"COG0440@1|root,COG0440@2|Bacteria,2GJCH@201174|Actinobacteria,4F3FC@85017|Promicromonosporaceae",ACT domain,,ilvN,"GO:0003674,GO:0003824,GO:0003984,GO:0005575,GO:0005618,GO:0005622,GO:0005623,GO:0005737,GO:0005829,GO:0005886,GO:0005948,GO:0006082,GO:0006520,GO:0006549,GO:0006573,GO:0006807,GO:0008150,GO:0008152,GO:0008652,GO:0009058,GO:0009081,GO:0009082,GO:0009097,GO:0009099,GO:0009987,GO:0016020,GO:0016053,GO:0016740,GO:0016744,GO:0019752,GO:0030312,GO:0032991,GO:0040007,GO:0043436,GO:0044237,GO:0044238,GO:0044249,GO:0044281,GO:0044283,GO:0044424,GO:0044444,GO:0044464,GO:0046394,GO:0071704,GO:0071944,GO:1901564,GO:1901566,GO:1901576,GO:1901605,GO:1901607,GO:1902494,GO:1990234",2.2.1.6,ko:K01653,"ko00290,ko00650,ko00660,ko00770,ko01100,ko01110,ko01130,ko01210,ko01230,map00290,map00650,map00660,map00770,map01100,map01110,map01130,map01210,map01230","M00019,M00570","R00006,R00014,R00226,R03050,R04672,R04673,R08648","RC00027,RC00106,RC01192,RC02744,RC02893","ko00000,ko00001,ko00002,ko01000",-,-,-,"ACT,ACT_5,ALS_ss_C"
J2S48_RS00710,L,390.6547733,149.8365649,751.8820858,2.131993904,2.335641816,0.568429793,4.108936309,3.97E-05,0.000216712,"COG3593@1|root,COG3593@2|Bacteria,2GMN5@201174|Actinobacteria,4F5PV@85017|Promicromonosporaceae",DNA synthesis involved in DNA repair,,-,-,-,-,-,-,-,-,-,-,-,-,-
J2S48_RS11315,G,1524.674944,870.3390959,2506.178715,1.433555541,1.527690381,0.371830506,4.108566554,3.98E-05,0.000216713,"COG1653@1|root,COG1653@2|Bacteria,2GJIP@201174|Actinobacteria",Extracellular solute-binding protein,,-,-,-,ko:K02027,-,M00207,-,-,"ko00000,ko00002,ko02000",3.A.1.1,-,-,"SBP_bac_1,SBP_bac_8"
J2S48_RS00370,L,749.9119979,433.2534861,1224.899766,1.410794429,1.502048067,0.365966575,4.104331301,4.05E-05,0.00021967,"COG0582@1|root,COG0582@2|Bacteria,2I9BZ@201174|Actinobacteria,4F4B9@85017|Promicromonosporaceae",Phage integrase family,,-,-,-,-,-,-,-,-,-,-,-,-,Phage_integrase
J2S48_RS16755,T,24801.61837,13282.13295,42080.84652,1.563520294,1.663274752,0.405597635,4.100799923,4.12E-05,0.000222344,"COG3300@1|root,COG3300@2|Bacteria,2GMG6@201174|Actinobacteria,4F4HQ@85017|Promicromonosporaceae",Bacterial signalling protein N terminal repeat,,-,-,-,-,-,-,-,-,-,-,-,-,MHYT
J2S48_RS05240,S,1257.610902,673.3336425,2134.02679,1.557930316,1.669608233,0.407542197,4.096773898,4.19E-05,0.000225531,"2AFXT@1|root,3161G@2|Bacteria,2IKPZ@201174|Actinobacteria,4F4N8@85017|Promicromonosporaceae",Protein of unknown function (DUF2469),,-,"GO:0005575,GO:0005623,GO:0005886,GO:0016020,GO:0044464,GO:0071944",-,-,-,-,-,-,-,-,-,-,DUF2469
J2S48_RS20620,S,2465.920857,1603.485165,3759.574395,1.170018844,1.23213107,0.30134448,4.088779298,4.34E-05,0.000232603,"COG3296@1|root,COG3296@2|Bacteria,2IQSV@201174|Actinobacteria,4F4XV@85017|Promicromonosporaceae",Domain of unknown function (DUF4870),,-,-,-,ko:K09940,-,-,-,-,ko00000,-,-,-,DUF4870
J2S48_RS19835,,791.1693403,370.6740679,1421.912249,1.795526813,1.946517757,0.47722706,4.078808435,4.53E-05,0.000241779,,,,,,,,,,,,,,,,
J2S48_RS25640,V,1647.580423,618.110531,3191.785262,2.16110175,2.372523449,0.582887085,4.070296821,4.70E-05,0.000250002,"COG1434@1|root,COG1434@2|Bacteria,2GMGZ@201174|Actinobacteria",DUF218 domain,,-,-,-,-,-,-,-,-,-,-,-,-,DUF218
J2S48_RS15975,E,9376.333413,5168.90265,15687.47956,1.4933054,1.60157038,0.395331697,4.051206596,5.10E-05,0.000270883,"COG0722@1|root,COG0722@2|Bacteria,2GMVF@201174|Actinobacteria,4F436@85017|Promicromonosporaceae",Stereospecific condensation of phosphoenolpyruvate (PEP) and D-erythrose-4-phosphate (E4P) giving rise to 3-deoxy-D- arabino-heptulosonate-7-phosphate (DAHP),,aroG,-,2.5.1.54,ko:K01626,"ko00400,ko01100,ko01110,ko01130,ko01230,ko02024,map00400,map01100,map01110,map01130,map01230,map02024",M00022,R01826,RC00435,"ko00000,ko00001,ko00002,ko01000",-,-,-,DAHP_synth_1
J2S48_RS26610,,105.7456816,31.55333663,217.034199,2.503812218,2.780843539,0.686966042,4.048007281,5.17E-05,0.000274184,,,,,,,,,,,,,,,,
J2S48_RS01605,P,443.0373633,244.1873601,741.312368,1.489301266,1.595039445,0.39437178,4.044507056,5.24E-05,0.00027745,"COG1226@1|root,2Z7ZD@2|Bacteria,2IC5E@201174|Actinobacteria",PFAM Ion transport protein,,-,-,-,ko:K08714,-,-,-,-,"ko00000,ko02000",1.A.1.14,-,-,Ion_trans
J2S48_RS18705,C,1243.906334,687.8734701,2077.955629,1.485699355,1.591620898,0.393878685,4.040891165,5.32E-05,0.000281327,"COG1146@1|root,COG1146@2|Bacteria,2IKVN@201174|Actinobacteria,4F4NA@85017|Promicromonosporaceae",4Fe-4S binding domain,,fdxA,-,-,ko:K05524,-,-,-,-,ko00000,-,-,-,Fer4
J2S48_RS15070,S,50146.64089,27778.19506,83699.30964,1.495691901,1.591048691,0.394482683,4.033253576,5.50E-05,0.000289736,"COG2229@1|root,COG2229@2|Bacteria,2GJIT@201174|Actinobacteria,4F42W@85017|Promicromonosporaceae",Conserved hypothetical ATP binding protein,,-,-,-,ko:K06945,-,-,-,-,ko00000,-,-,-,ATP_bind_1
J2S48_RS13410,K,11777.87258,5029.607336,21900.27045,1.939722721,2.121903233,0.526277461,4.031909761,5.53E-05,0.000290501,"COG1695@1|root,COG1695@2|Bacteria,2GMJM@201174|Actinobacteria,4F4BR@85017|Promicromonosporaceae",Transcriptional regulator PadR-like family,,-,-,-,-,-,-,-,-,-,-,-,-,"PadR,Vir_act_alpha_C"
J2S48_RS17840,G,6369.114626,4409.165055,9309.038981,1.031261098,1.077083979,0.267129204,4.032071235,5.53E-05,0.000290501,"COG1653@1|root,COG1653@2|Bacteria,2GJIP@201174|Actinobacteria,4F3SV@85017|Promicromonosporaceae",Bacterial extracellular solute-binding protein,,-,-,-,ko:K10240,"ko02010,map02010",M00206,-,-,"ko00000,ko00001,ko00002,ko02000",3.A.1.1.23,-,-,SBP_bac_8
J2S48_RS04775,S,5056.176175,3104.970082,7982.985313,1.289208855,1.36395458,0.338591001,4.028324951,5.62E-05,0.000294512,"2DN32@1|root,32V8W@2|Bacteria,2IPEI@201174|Actinobacteria,4F4I8@85017|Promicromonosporaceae",Putative bacterial sensory transduction regulator,,-,-,-,-,-,-,-,-,-,-,-,-,YbjN
J2S48_RS05095,M,8434.674324,5777.892747,12419.84669,1.050387705,1.103317723,0.274262343,4.022855315,5.75E-05,0.000300976,"COG0750@1|root,COG0750@2|Bacteria,2GJJT@201174|Actinobacteria,4F3AG@85017|Promicromonosporaceae",Peptidase family M50,,rip1,-,-,ko:K11749,"ko02024,ko04112,map02024,map04112",-,-,-,"ko00000,ko00001,ko01000,ko01002",-,-,-,"PDZ_2,Peptidase_M50"
J2S48_RS16460,K,2838.454709,1758.173322,4458.87679,1.268137307,1.34514803,0.334691402,4.019069573,5.84E-05,0.000305385,"COG1309@1|root,COG1309@2|Bacteria,2IRD6@201174|Actinobacteria,4F4PR@85017|Promicromonosporaceae","Bacterial regulatory proteins, tetR family",,-,-,-,-,-,-,-,-,-,-,-,-,TetR_N
J2S48_RS24880,E,6430.711927,3859.761479,10287.1376,1.331473957,1.414064702,0.352171658,4.015271158,5.94E-05,0.000309871,"COG0159@1|root,COG0159@2|Bacteria,2GN6T@201174|Actinobacteria,4F37R@85017|Promicromonosporaceae",The alpha subunit is responsible for the aldol cleavage of indoleglycerol phosphate to indole and glyceraldehyde 3- phosphate,,trpA,"GO:0005575,GO:0005623,GO:0005886,GO:0008150,GO:0016020,GO:0040007,GO:0044464,GO:0071944",4.2.1.20,ko:K01695,"ko00260,ko00400,ko01100,ko01110,ko01130,ko01230,map00260,map00400,map01100,map01110,map01130,map01230",M00023,"R00674,R02340,R02722","RC00209,RC00210,RC00700,RC00701,RC02868","ko00000,ko00001,ko00002,ko01000",-,-,-,Trp_syntA
J2S48_RS15745,V,451.7477403,200.797662,828.1728578,1.86692471,2.03581744,0.507702809,4.009860503,6.08E-05,0.000316573,"COG1131@1|root,COG1131@2|Bacteria,2GKEH@201174|Actinobacteria,4F45P@85017|Promicromonosporaceae","AAA domain, putative AbiEii toxin, Type IV TA system",,-,-,-,ko:K01990,-,M00254,-,-,"ko00000,ko00002,ko02000",3.A.1,-,-,"ABC_tran,DUF4162"
J2S48_RS08670,S,2010.835778,1113.389706,3357.004886,1.483216546,1.589950565,0.396687035,4.008072926,6.12E-05,0.000318492,"2C3CF@1|root,32RRR@2|Bacteria",Protein of unknown function (DUF3175),,-,-,-,-,-,-,-,-,-,-,-,-,DUF3175
J2S48_RS16935,S,1518.703978,677.4435614,2780.594603,1.859644382,2.0322815,0.507170089,4.007100469,6.15E-05,0.000318922,"COG2331@1|root,COG2331@2|Bacteria,2IQHE@201174|Actinobacteria,4F4UE@85017|Promicromonosporaceae",Putative regulatory protein,,-,-,-,-,-,-,-,-,-,-,-,-,Zn-ribbon_8
J2S48_RS19770,EGP,1441.559133,827.9024125,2362.044213,1.411063538,1.507128677,0.376120642,4.007035271,6.15E-05,0.000318922,"COG0477@1|root,COG0477@2|Bacteria,2GIYR@201174|Actinobacteria,4F36G@85017|Promicromonosporaceae",Sugar (and other) transporter,,-,-,-,-,-,-,-,-,-,-,-,-,"MFS_1,Sugar_tr"
J2S48_RS14520,E,2749.508789,1728.971207,4280.315163,1.234286881,1.305650527,0.326007551,4.004970202,6.20E-05,0.000320746,"COG4177@1|root,COG4177@2|Bacteria,2GJB3@201174|Actinobacteria,4F3XP@85017|Promicromonosporaceae",Belongs to the binding-protein-dependent transport system permease family,,livM,-,-,ko:K01998,"ko02010,ko02024,map02010,map02024",M00237,-,-,"ko00000,ko00001,ko00002,ko02000",3.A.1.4,-,-,BPD_transp_2
J2S48_RS08500,K,5251.01882,3372.919199,8068.168251,1.189876979,1.257796032,0.314742239,3.996273382,6.43E-05,0.000331248,"COG5662@1|root,COG5662@2|Bacteria,2I0MN@201174|Actinobacteria,4F4TV@85017|Promicromonosporaceae",Putative zinc-finger,,-,-,-,-,-,-,-,-,-,-,-,-,zf-HC2
J2S48_RS24840,E,2080.070114,1416.769737,3075.02068,1.064936003,1.115811163,0.279628863,3.990329007,6.60E-05,0.000337018,"COG0139@1|root,COG0139@2|Bacteria,2IKKU@201174|Actinobacteria,4F4MU@85017|Promicromonosporaceae",Catalyzes the hydrolysis of the adenine ring of phosphoribosyl-AMP,,hisI,"GO:0008150,GO:0040007","3.5.4.19,3.6.1.31","ko:K01496,ko:K11755","ko00340,ko01100,ko01110,ko01230,map00340,map01100,map01110,map01230",M00026,"R04035,R04037","RC00002,RC01055","ko00000,ko00001,ko00002,ko01000",-,-,iNJ661.Rv1606,PRA-CH
J2S48_RS14825,OU,1315.898833,697.4440308,2243.581036,1.565143742,1.686674081,0.424032349,3.977701427,6.96E-05,0.000353808,"COG1585@1|root,COG1585@2|Bacteria,2IRJ7@201174|Actinobacteria,4F5NK@85017|Promicromonosporaceae","NfeD-like C-terminal, partner-binding",,-,-,-,-,-,-,-,-,-,-,-,-,NfeD
J2S48_RS22550,S,115.3702641,29.26448908,244.5289267,2.687669377,3.00568082,0.756222385,3.974599113,7.05E-05,0.000357518,"COG4803@1|root,COG4803@2|Bacteria,2IHYU@201174|Actinobacteria,4F5JS@85017|Promicromonosporaceae",Protein of unknown function (DUF1269),,-,-,-,-,-,-,-,-,-,-,-,-,DUF1269
J2S48_RS04405,D,145232.4678,78737.55291,244974.8402,1.502033502,1.637514896,0.412383631,3.970853283,7.16E-05,0.00036211,"COG1799@1|root,COG1799@2|Bacteria,2GNVH@201174|Actinobacteria,4F4G3@85017|Promicromonosporaceae","Cell division protein that is part of the divisome complex and is recruited early to the Z-ring. Probably stimulates Z-ring formation, perhaps through the cross-linking of FtsZ protofilaments. Its function overlaps with FtsA",,sepF,"GO:0005575,GO:0005623,GO:0005886,GO:0016020,GO:0044464,GO:0071944",-,ko:K09772,-,-,-,-,"ko00000,ko03036",-,-,-,SepF
J2S48_RS08310,I,8141.998629,5441.312345,12193.02806,1.100987601,1.163052184,0.29330607,3.965319171,7.33E-05,0.000369521,"COG2057@1|root,COG2057@2|Bacteria,2GKV9@201174|Actinobacteria,4F3QY@85017|Promicromonosporaceae",Coenzyme A transferase,,-,-,2.8.3.5,ko:K01029,"ko00072,ko00280,ko00650,map00072,map00280,map00650",-,R00410,RC00014,"ko00000,ko00001,ko01000",-,-,-,CoA_trans
J2S48_RS04570,T,7096.401986,3988.825617,11757.76654,1.457983785,1.561114767,0.393829875,3.963931804,7.37E-05,0.000371128,"COG4251@1|root,COG4251@2|Bacteria,2GK25@201174|Actinobacteria,4F43B@85017|Promicromonosporaceae","HAMP (Histidine kinases, Adenylyl cyclases, Methyl binding proteins, Phosphatases) domain",,-,-,-,-,-,-,-,-,-,-,-,-,"CHASE3,HAMP,HATPase_c,HisKA"
J2S48_RS20830,,1048.206123,562.2642079,1777.118996,1.540911574,1.65980955,0.418985726,3.961494264,7.45E-05,0.000374385,,,,,,,,,,,,,,,,
J2S48_RS14415,S,2976.753789,1924.757628,4554.748031,1.175198048,1.245604143,0.314858678,3.956073719,7.62E-05,0.000381853,"COG2606@1|root,COG2606@2|Bacteria,2IIIW@201174|Actinobacteria,4F4JZ@85017|Promicromonosporaceae",Aminoacyl-tRNA editing domain,,-,-,-,-,-,-,-,-,-,-,-,-,tRNA_edit
J2S48_RS13195,S,423.1503632,71.62767621,950.4343937,3.265863748,3.695531796,0.935473113,3.950441488,7.80E-05,0.000389807,"COG3795@1|root,COG3795@2|Bacteria,2IM8J@201174|Actinobacteria,4F5RT@85017|Promicromonosporaceae",YCII-related domain,,-,-,-,-,-,-,-,-,-,-,-,-,YCII
J2S48_RS13145,S,454.0282466,255.6896967,751.5360714,1.44527773,1.550176725,0.392694696,3.9475367,7.90E-05,0.000393414,"2E5NA@1|root,330D3@2|Bacteria,2IQ91@201174|Actinobacteria,4F4T8@85017|Promicromonosporaceae",Domain of unknown function (DUF4287),,-,-,-,-,-,-,-,-,-,-,-,-,DUF4287
J2S48_RS16805,F,5067.492508,3462.295557,7475.287933,1.052409334,1.111388369,0.281787504,3.944065487,8.01E-05,0.000396838,"COG0207@1|root,COG0207@2|Bacteria,2GKY0@201174|Actinobacteria,4F3CB@85017|Promicromonosporaceae","Catalyzes the reductive methylation of 2'-deoxyuridine- 5'-monophosphate (dUMP) to 2'-deoxythymidine-5'-monophosphate (dTMP) while utilizing 5,10-methylenetetrahydrofolate (mTHF) as the methyl donor and reductant in the reaction, yielding dihydrofolate (DHF) as a by-product. This enzymatic reaction provides an intracellular de novo source of dTMP, an essential precursor for DNA biosynthesis",,thyA,"GO:0003674,GO:0003824,GO:0004799,GO:0006139,GO:0006220,GO:0006221,GO:0006231,GO:0006244,GO:0006725,GO:0006753,GO:0006793,GO:0006796,GO:0006807,GO:0008150,GO:0008152,GO:0008168,GO:0009056,GO:0009058,GO:0009117,GO:0009123,GO:0009124,GO:0009125,GO:0009129,GO:0009130,GO:0009131,GO:0009157,GO:0009159,GO:0009162,GO:0009165,GO:0009166,GO:0009176,GO:0009177,GO:0009178,GO:0009219,GO:0009221,GO:0009223,GO:0009262,GO:0009263,GO:0009264,GO:0009265,GO:0009394,GO:0009987,GO:0016740,GO:0016741,GO:0018130,GO:0019438,GO:0019439,GO:0019637,GO:0019692,GO:0032259,GO:0034404,GO:0034641,GO:0034654,GO:0034655,GO:0042083,GO:0044237,GO:0044238,GO:0044248,GO:0044249,GO:0044270,GO:0044271,GO:0044281,GO:0044283,GO:0046073,GO:0046078,GO:0046079,GO:0046385,GO:0046386,GO:0046434,GO:0046483,GO:0046700,GO:0055086,GO:0071704,GO:0072527,GO:0072528,GO:0072529,GO:0090407,GO:1901135,GO:1901136,GO:1901137,GO:1901292,GO:1901293,GO:1901360,GO:1901361,GO:1901362,GO:1901564,GO:1901565,GO:1901566,GO:1901575,GO:1901576",2.1.1.45,ko:K00560,"ko00240,ko00670,ko01100,ko01523,map00240,map00670,map01100,map01523",M00053,R02101,"RC00219,RC00332","ko00000,ko00001,ko00002,ko01000",-,-,-,Thymidylat_synt
J2S48_RS24815,F,30552.87635,20006.00077,46373.18972,1.14878437,1.212752207,0.307978708,3.937779382,8.22E-05,0.000406786,"COG0638@1|root,COG0638@2|Bacteria,2GMC6@201174|Actinobacteria,4F40X@85017|Promicromonosporaceae","Catalyzes the covalent attachment of the prokaryotic ubiquitin-like protein modifier Pup to the proteasomal substrate proteins, thereby targeting them for proteasomal degradation. This tagging system is termed pupylation. The ligation reaction involves the side-chain carboxylate of the C-terminal glutamate of Pup and the side-chain amino group of a substrate lysine",,pafA,"GO:0000166,GO:0000302,GO:0003674,GO:0003824,GO:0005488,GO:0005524,GO:0005575,GO:0005618,GO:0005623,GO:0005886,GO:0006464,GO:0006508,GO:0006807,GO:0006950,GO:0006979,GO:0008144,GO:0008150,GO:0008152,GO:0009056,GO:0009057,GO:0009405,GO:0009987,GO:0010035,GO:0010498,GO:0016020,GO:0016740,GO:0016874,GO:0016879,GO:0016881,GO:0017076,GO:0018193,GO:0018205,GO:0019538,GO:0019787,GO:0019941,GO:0030163,GO:0030312,GO:0030554,GO:0032446,GO:0032553,GO:0032555,GO:0032559,GO:0033554,GO:0034599,GO:0034614,GO:0035639,GO:0035690,GO:0036094,GO:0036211,GO:0042221,GO:0042493,GO:0043167,GO:0043168,GO:0043170,GO:0043412,GO:0043632,GO:0044237,GO:0044238,GO:0044248,GO:0044257,GO:0044260,GO:0044265,GO:0044267,GO:0044419,GO:0044464,GO:0050896,GO:0051409,GO:0051603,GO:0051704,GO:0051716,GO:0070490,GO:0070647,GO:0070887,GO:0071241,GO:0071704,GO:0071731,GO:0071732,GO:0071944,GO:0097159,GO:0097366,GO:0097367,GO:0140096,GO:1901265,GO:1901363,GO:1901564,GO:1901565,GO:1901575,GO:1901698,GO:1901699,GO:1901700,GO:1901701,GO:1902170",6.3.1.19,ko:K13571,-,M00342,R11207,"RC00090,RC00096","ko00000,ko00002,ko01000,ko03051",-,-,-,Pup_ligase
J2S48_RS16905,K,757.4484472,410.6750003,1277.608618,1.513736238,1.630050209,0.414133589,3.936049269,8.28E-05,0.000409135,"COG1191@1|root,COG1191@2|Bacteria,2GYJG@201174|Actinobacteria,4F4SE@85017|Promicromonosporaceae",sigma factor activity,,-,-,-,-,-,-,-,-,-,-,-,-,HTH_23
J2S48_RS17200,M,424.0284666,133.8309732,859.3247066,2.420645651,2.701164818,0.687860055,3.92691042,8.60E-05,0.000424376,"COG2335@1|root,COG2335@2|Bacteria,2GJC2@201174|Actinobacteria",Fasciclin,,mpt,"GO:0005575,GO:0005576,GO:0005615,GO:0005623,GO:0005886,GO:0008150,GO:0009605,GO:0009607,GO:0016020,GO:0030288,GO:0030313,GO:0031975,GO:0042597,GO:0043207,GO:0044403,GO:0044419,GO:0044421,GO:0044464,GO:0050896,GO:0051701,GO:0051704,GO:0051707,GO:0052173,GO:0052200,GO:0052564,GO:0052572,GO:0071944,GO:0075136",-,-,-,-,-,-,-,-,-,-,Fasciclin
J2S48_RS02480,S,931.8326946,241.7529886,1966.952254,2.698848578,3.037319379,0.775396729,3.917116575,8.96E-05,0.000440078,"2AY0M@1|root,31Q26@2|Bacteria,2IMBI@201174|Actinobacteria,4F5JH@85017|Promicromonosporaceae",Short C-terminal domain,,-,-,-,-,-,-,-,-,-,-,-,-,"PLDc_N,SHOCT"
J2S48_RS18635,-,589.0181512,372.1852038,914.2675723,1.22051594,1.294036019,0.330708552,3.91291973,9.12E-05,0.000446515,"28PR0@1|root,2ZCCY@2|Bacteria,2GNNZ@201174|Actinobacteria,4F3A9@85017|Promicromonosporaceae",-,,-,-,-,-,-,-,-,-,-,-,-,-,-
J2S48_RS08315,,8728.589064,5064.079351,14225.35363,1.392173573,1.489014893,0.380918617,3.909010552,9.27E-05,0.000453151,,,,,,,,,,,,,,,,
J2S48_RS10545,M,2885.066178,1818.981051,4484.193869,1.225219738,1.302156477,0.334997291,3.88706569,0.000101463,0.000491263,"COG1376@1|root,COG3409@1|root,COG1376@2|Bacteria,COG3409@2|Bacteria,2GXGF@201174|Actinobacteria,4F3VN@85017|Promicromonosporaceae",Putative peptidoglycan binding domain,,-,-,-,-,-,-,-,-,-,-,-,-,"PG_binding_1,YkuD"
J2S48_RS20835,L,1668.353378,1022.843488,2636.618212,1.277184684,1.361580709,0.351281266,3.876041346,0.00010617,0.000511804,"COG1381@1|root,COG1381@2|Bacteria,2GK81@201174|Actinobacteria,4F3XI@85017|Promicromonosporaceae",Involved in DNA repair and RecF pathway recombination,,recO,"GO:0005575,GO:0005618,GO:0005623,GO:0030312,GO:0044464,GO:0071944",-,ko:K03584,"ko03440,map03440",-,-,-,"ko00000,ko00001,ko03400",-,-,-,"RecO_C,RecO_N"
J2S48_RS10300,,435.0987893,222.3848129,754.1697538,1.612593353,1.749699075,0.451609984,3.874358709,0.000106906,0.000514626,,,,,,,,,,,,,,,,
J2S48_RS11325,G,56.06421456,6.936263229,129.7561416,3.86919083,4.504897564,1.164559817,3.868326467,0.000109585,0.000525299,"COG1175@1|root,COG1175@2|Bacteria,2GMTW@201174|Actinobacteria",PFAM binding-protein-dependent transport systems inner membrane component,,-,-,-,ko:K02025,-,M00207,-,-,"ko00000,ko00002,ko02000",3.A.1.1,-,-,BPD_transp_1
J2S48_RS14390,,336.2420183,181.079155,568.9863133,1.522164554,1.645092023,0.42551068,3.866159179,0.000110563,0.000529244,,,,,,,,,,,,,,,,
J2S48_RS04880,S,295.0320089,73.18601947,627.8009929,2.780883789,3.154464255,0.818378009,3.854532038,0.000115951,0.00055426,"2BMTT@1|root,32GDB@2|Bacteria,2I0S3@201174|Actinobacteria,4F5SC@85017|Promicromonosporaceae",Domain of unknown function (DUF4328),,-,-,-,-,-,-,-,-,-,-,-,-,DUF4328
J2S48_RS11890,-,552.2399596,231.3843399,1033.523389,1.946271403,2.148446307,0.557824016,3.851476892,0.000117408,0.000558873,"2DNRF@1|root,32YSD@2|Bacteria,2IAJC@201174|Actinobacteria,4F5XF@85017|Promicromonosporaceae",-,,-,-,-,-,-,-,-,-,-,-,-,-,-
J2S48_RS05400,K,3229.223669,1901.744806,5220.441964,1.361539985,1.45999752,0.379669007,3.845448255,0.000120332,0.000571997,"COG1846@1|root,COG1846@2|Bacteria,2INK0@201174|Actinobacteria",helix_turn_helix multiple antibiotic resistance protein,,-,-,-,-,-,-,-,-,-,-,-,-,"MarR,MarR_2"
J2S48_RS08350,K,3531.993821,1962.663711,5885.988987,1.470559431,1.586454306,0.41261101,3.844915109,0.000120594,0.000572445,"COG1396@1|root,COG3800@1|root,COG1396@2|Bacteria,COG3800@2|Bacteria,2GMWU@201174|Actinobacteria,4F3TP@85017|Promicromonosporaceae",Helix-turn-helix XRE-family like proteins,,-,-,-,-,-,-,-,-,-,-,-,-,"HTH_3,HTH_31,Peptidase_M78"
J2S48_RS17890,K,23804.28899,15978.50066,35542.97149,1.091810439,1.153087189,0.299992973,3.843713998,0.000121186,0.000574456,"COG0745@1|root,COG0745@2|Bacteria,2GP1I@201174|Actinobacteria,4F3AP@85017|Promicromonosporaceae","Transcriptional regulatory protein, C terminal",,vicR,-,-,-,-,-,-,-,-,-,-,-,"Response_reg,Trans_reg_C"
J2S48_RS01965,G,1705.443475,1091.874935,2625.796285,1.196471027,1.270239808,0.330651046,3.84163251,0.000122219,0.000578547,"COG3693@1|root,COG3693@2|Bacteria,2I8RT@201174|Actinobacteria,4F3CJ@85017|Promicromonosporaceae",Glycosyl hydrolase family 10,,-,-,-,-,-,-,-,-,-,-,-,-,Glyco_hydro_10
J2S48_RS04560,S,4173.607464,2612.550544,6515.192845,1.23721344,1.316857234,0.344205623,3.825786524,0.000130355,0.000615397,"COG2047@1|root,COG2047@2|Bacteria,2GK8I@201174|Actinobacteria,4F3MC@85017|Promicromonosporaceae",PAC2 family,,-,-,-,-,-,-,-,-,-,-,-,-,PAC2
J2S48_RS08875,Q,110.5257049,12.37400052,257.7532615,3.767259046,4.335516485,1.133377363,3.825307111,0.000130609,0.000615397,"COG1335@1|root,COG1335@2|Bacteria,2I77A@201174|Actinobacteria",isochorismatase hydrolase,,-,-,-,-,-,-,-,-,-,-,-,-,Isochorismatase
J2S48_RS01840,K,433.3749468,205.5629146,775.0929951,1.745298272,1.914686243,0.501276999,3.819617193,0.000133659,0.000628344,"COG1309@1|root,COG1309@2|Bacteria,2GKE2@201174|Actinobacteria",transcriptional regulator,,-,-,-,-,-,-,-,-,-,-,-,-,TetR_N
J2S48_RS12920,S,69.8636381,5.208992333,166.8456068,4.29343102,4.981431084,1.304524701,3.818579349,0.000134222,0.000630125,"COG0730@1|root,COG0730@2|Bacteria,2GJCC@201174|Actinobacteria",membrane transporter protein,,-,-,-,ko:K07090,-,-,-,-,ko00000,-,-,-,TauE
J2S48_RS11535,G,618.5568452,380.3742922,975.8306746,1.267361857,1.352686336,0.354298385,3.817929726,0.000134576,0.000630919,"COG2721@1|root,COG2721@2|Bacteria,2GJC8@201174|Actinobacteria,4F418@85017|Promicromonosporaceae","D-galactarate dehydratase / Altronate hydrolase, C terminus",,-,-,"4.2.1.42,4.2.1.7","ko:K01685,ko:K01708","ko00040,ko00053,ko01100,map00040,map00053,map01100",M00631,"R01540,R05608",RC00543,"ko00000,ko00001,ko00002,ko01000",-,-,-,"GD_AH_C,SAF"
J2S48_RS20610,J,434.2653043,141.8668439,872.8629949,2.320801987,2.599158569,0.682022827,3.810955389,0.000138431,0.000645443,"COG5473@1|root,COG5473@2|Bacteria,2GN5K@201174|Actinobacteria,4F5PR@85017|Promicromonosporaceae",Zn-ribbon protein possibly nucleic acid-binding,,-,-,-,-,-,-,-,-,-,-,-,-,-
J2S48_RS23985,-,194.4221691,55.84691141,402.2850557,2.515626233,2.840953848,0.747730065,3.799437764,0.000145025,0.000673428,"2EZ26@1|root,33S8M@2|Bacteria,2GNMU@201174|Actinobacteria",-,,-,-,-,-,-,-,-,-,-,-,-,-,-
J2S48_RS01050,C,284.6654765,156.4509589,476.9872529,1.481688256,1.603266036,0.422256974,3.796896521,0.000146519,0.0006776,"COG1304@1|root,COG1304@2|Bacteria,2GJA5@201174|Actinobacteria,4F58U@85017|Promicromonosporaceae",FMN-dependent dehydrogenase,,-,-,"1.1.2.3,1.13.12.4","ko:K00101,ko:K00467","ko00620,ko01100,map00620,map01100",-,"R00196,R00319","RC00044,RC01312","ko00000,ko00001,ko01000",-,-,-,FMN_dh
J2S48_RS04690,S,8423.29319,2971.219801,16601.40327,2.221416863,2.483372228,0.654218815,3.795935196,0.000147088,0.000679311,"2ECXX@1|root,326FW@2|Bacteria,2HY44@201174|Actinobacteria,4F50N@85017|Promicromonosporaceae",Family of unknown function (DUF5302),,-,-,-,-,-,-,-,-,-,-,-,-,DUF5302
J2S48_RS05570,D,1449.259186,961.5783866,2180.780386,1.116685955,1.180708234,0.311411905,3.79146788,0.00014976,0.000689783,"COG4942@1|root,COG4942@2|Bacteria,2GW48@201174|Actinobacteria,4FMIJ@85023|Microbacteriaceae",Protein of unknown function (DUF3375),,-,-,-,-,-,-,-,-,-,-,-,-,DUF3375
J2S48_RS02810,-,191.2288463,89.58194521,343.699198,1.762789469,1.93888239,0.514031668,3.771912339,0.000162001,0.000741166,"2DF72@1|root,32U4U@2|Bacteria,2GIV4@201174|Actinobacteria",-,,-,-,-,-,-,-,-,-,-,-,-,-,-
J2S48_RS14015,,570.1896516,320.5687298,944.6210344,1.440668474,1.55570461,0.412438077,3.77197135,0.000161963,0.000741166,,,,,,,,,,,,,,,,
J2S48_RS13870,,10900.6501,4066.792197,21151.43695,2.133344482,2.379848061,0.633268547,3.75803926,0.00017125,0.000781385,,,,,,,,,,,,,,,,
J2S48_RS12115,O,15422.53315,6539.435384,28747.1798,1.930786415,2.136022335,0.569910929,3.747993284,0.000178255,0.000810099,"COG0265@1|root,COG0265@2|Bacteria,2GMIN@201174|Actinobacteria,4F375@85017|Promicromonosporaceae",Alpha-lytic protease prodomain,,-,-,-,ko:K18546,-,-,-,-,"ko00000,ko01000,ko01002",-,-,-,"Pro_Al_protease,Trypsin"
J2S48_RS12990,S,7344.912651,4390.692455,11776.24294,1.32682981,1.424245951,0.380121315,3.746819487,0.000179091,0.000812815,"COG0561@1|root,COG0561@2|Bacteria,2GP42@201174|Actinobacteria,4F49W@85017|Promicromonosporaceae",Sucrose-6F-phosphate phosphohydrolase,,yidA,-,-,-,-,-,-,-,-,-,-,-,Hydrolase_3
J2S48_RS13575,S,1335.807473,830.9145397,2093.146873,1.251484854,1.338150597,0.357459481,3.743502886,0.000181473,0.000822531,"COG3214@1|root,COG3214@2|Bacteria,2GP6G@201174|Actinobacteria,4F57B@85017|Promicromonosporaceae",Winged helix DNA-binding domain,,-,-,-,ko:K09927,-,-,-,-,ko00000,-,-,-,HTH_42
J2S48_RS04330,E,280.4712554,18.73603256,673.0740897,4.439245444,5.195225167,1.389243027,3.739608597,0.000184307,0.000833165,"COG0079@1|root,COG0079@2|Bacteria,2GJ9W@201174|Actinobacteria,4F3AR@85017|Promicromonosporaceae",Belongs to the class-II pyridoxal-phosphate-dependent aminotransferase family. Histidinol-phosphate aminotransferase subfamily,,hisC,"GO:0005575,GO:0005618,GO:0005623,GO:0005886,GO:0008150,GO:0016020,GO:0030312,GO:0040007,GO:0044464,GO:0071944",2.6.1.9,ko:K00817,"ko00340,ko00350,ko00360,ko00400,ko00401,ko00960,ko01100,ko01110,ko01130,ko01230,map00340,map00350,map00360,map00400,map00401,map00960,map01100,map01110,map01130,map01230",M00026,"R00694,R00734,R03243","RC00006,RC00888","ko00000,ko00001,ko00002,ko01000,ko01007",-,-,-,Aminotran_1_2
J2S48_RS08480,E,11598.4416,6983.790361,18520.41846,1.310275025,1.407734012,0.377428916,3.729799046,0.000191633,0.000863992,"COG2755@1|root,COG2755@2|Bacteria,2IA8J@201174|Actinobacteria,4F41M@85017|Promicromonosporaceae",GDSL-like Lipase/Acylhydrolase family,,-,-,-,-,-,-,-,-,-,-,-,-,Lipase_GDSL_2
J2S48_RS13285,S,711.8647808,355.5694299,1246.307807,1.65976703,1.819730853,0.488506551,3.725089968,0.000195246,0.00087912,"COG1520@1|root,COG1520@2|Bacteria",amino acid activation for nonribosomal peptide biosynthetic process,,-,-,-,-,-,-,-,-,-,-,-,-,"PQQ_2,PQQ_3"
J2S48_RS20350,K,6005.077385,3558.077535,9675.57716,1.340822493,1.444700974,0.390936083,3.695491508,0.000219462,0.00098297,"COG1414@1|root,COG1414@2|Bacteria,2GP0G@201174|Actinobacteria",transcriptional regulator,,ssfR,-,-,-,-,-,-,-,-,-,-,-,"HTH_IclR,IclR"
J2S48_RS13105,,290.4359514,143.1400091,511.3798648,1.663071353,1.827462631,0.495344911,3.689273054,0.000224896,0.001005988,,,,,,,,,,,,,,,,
J2S48_RS13125,L,26355.939,14145.83343,44671.09736,1.522265514,1.658805522,0.450191564,3.684665941,0.000229003,0.001021682,"COG0776@1|root,COG0776@2|Bacteria,2IKQR@201174|Actinobacteria,4F4TM@85017|Promicromonosporaceae",bacterial (prokaryotic) histone like domain,,hup,"GO:0003674,GO:0003676,GO:0003677,GO:0005488,GO:0005575,GO:0005622,GO:0005623,GO:0005737,GO:0005829,GO:0008150,GO:0009889,GO:0010556,GO:0019219,GO:0019222,GO:0031323,GO:0031326,GO:0044424,GO:0044444,GO:0044464,GO:0050789,GO:0050794,GO:0051171,GO:0051252,GO:0060255,GO:0065007,GO:0080090,GO:0097159,GO:1901363,GO:1903506,GO:2001141",-,ko:K03530,-,-,-,-,"ko00000,ko03032,ko03036,ko03400",-,-,-,Bac_DNA_binding
J2S48_RS23965,L,814.5314876,322.3855541,1552.750388,2.014815438,2.255936714,0.612718786,3.681846819,0.000231551,0.0010317,"COG0553@1|root,COG0553@2|Bacteria,2GISC@201174|Actinobacteria,4F3VU@85017|Promicromonosporaceae",SNF2 family N-terminal domain,,-,-,-,-,-,-,-,-,-,-,-,-,"HHH_5,Helicase_C,SNF2_N"
J2S48_RS26380,S,1073.921813,233.8965205,2333.959753,2.879551238,3.310838828,0.900075587,3.678400874,0.000234701,0.001044373,"COG0561@1|root,COG0561@2|Bacteria,2GP42@201174|Actinobacteria,4F49W@85017|Promicromonosporaceae",Sucrose-6F-phosphate phosphohydrolase,,yidA,-,-,-,-,-,-,-,-,-,-,-,Hydrolase_3
J2S48_RS24510,S,2410.041132,1417.113863,3899.432035,1.350583466,1.461176133,0.397449859,3.676378541,0.000236568,0.001049945,"COG0491@1|root,COG0491@2|Bacteria,2GJU0@201174|Actinobacteria,4F4G2@85017|Promicromonosporaceae",Metallo-beta-lactamase superfamily,,-,-,3.1.2.6,ko:K01069,"ko00620,map00620",-,R01736,"RC00004,RC00137","ko00000,ko00001,ko01000",-,-,-,Lactamase_B
J2S48_RS14125,EK,4483.208773,3014.923423,6685.636798,1.082203101,1.14831684,0.312415984,3.675602073,0.000237289,0.001051776,"COG1167@1|root,COG1167@2|Bacteria,2GITW@201174|Actinobacteria,4F3CU@85017|Promicromonosporaceae",Aminotransferase class I and II,,avtA,-,-,ko:K05825,"ko00300,ko01100,ko01130,ko01210,map00300,map01100,map01130,map01210",-,R01939,RC00006,"ko00000,ko00001,ko01000",-,-,-,Aminotran_1_2
J2S48_RS00445,-,1618.80218,743.9615412,2931.063138,1.787836161,1.983014292,0.541573472,3.661579441,0.000250665,0.001106753,"2EUQS@1|root,348GS@2|Bacteria,2HY3W@201174|Actinobacteria,4F51A@85017|Promicromonosporaceae",-,,-,-,-,-,-,-,-,-,-,-,-,-,-
J2S48_RS09435,S,2369.31708,1575.169398,3560.538604,1.104870164,1.177864138,0.323585219,3.640043078,0.000272592,0.001195227,"COG4420@1|root,COG4420@2|Bacteria,2GJRV@201174|Actinobacteria,4F4DR@85017|Promicromonosporaceae",Protein of unknown function (DUF1003),,-,-,-,-,-,-,-,-,-,-,-,-,DUF1003
J2S48_RS17225,S,8856.449518,5811.126596,13424.4339,1.134338803,1.20810279,0.331967219,3.639223152,0.000273462,0.001195227,"COG3266@1|root,COG3266@2|Bacteria,2I44K@201174|Actinobacteria,4F4RP@85017|Promicromonosporaceae","domain, Protein",,-,-,-,-,-,-,-,-,-,-,-,-,-
J2S48_RS13760,H,851.7266289,550.3467787,1303.796404,1.160068019,1.239587481,0.341502329,3.629806817,0.000283633,0.001236323,"COG2045@1|root,COG2045@2|Bacteria,2II0K@201174|Actinobacteria",Belongs to the ComB family,,-,-,3.1.3.71,ko:K05979,"ko00680,ko01120,map00680,map01120",M00358,R05789,RC00428,"ko00000,ko00001,ko00002,ko01000",-,-,-,2-ph_phosp
J2S48_RS18730,V,1652.590315,1145.191315,2413.688816,1.01827052,1.077058929,0.2968345,3.628482969,0.000285092,0.001241094,"COG1136@1|root,COG1136@2|Bacteria,2GIV7@201174|Actinobacteria,4F3NB@85017|Promicromonosporaceae",ATPases associated with a variety of cellular activities,,-,-,-,-,-,-,-,-,-,-,-,-,ABC_tran
J2S48_RS07915,H,709.7489516,331.3062587,1277.412991,1.759778643,1.955635007,0.540118793,3.620749793,0.00029375,0.001275535,"COG1240@1|root,COG1240@2|Bacteria,2I7AU@201174|Actinobacteria",Involved in chlorophyll biosynthesis. Catalyzes the insertion of magnesium ion into protoporphyrin IX to yield Mg- protoporphyrin IX,,-,-,-,-,-,-,-,-,-,-,-,-,-
J2S48_RS22040,C,2100.026009,35.31430548,5197.093563,6.027899521,7.216061446,2.002940183,3.602734373,0.000314887,0.001356957,"COG1290@1|root,COG1290@2|Bacteria,2GJ1E@201174|Actinobacteria,4F44P@85017|Promicromonosporaceae",Cytochrome b(N-terminal)/b6/petB,,qcrB,"GO:0005575,GO:0005623,GO:0005886,GO:0005887,GO:0008150,GO:0016020,GO:0016021,GO:0031224,GO:0031226,GO:0040007,GO:0044425,GO:0044459,GO:0044464,GO:0071944",-,ko:K03891,"ko00190,ko01100,map00190,map01100",M00151,-,-,"ko00000,ko00001,ko00002",-,-,-,Cytochrom_B_N_2
J2S48_RS14180,M,2441.686853,1390.09263,4019.078187,1.414088651,1.536171591,0.42673691,3.599809521,0.00031845,0.001370581,"COG0739@1|root,COG0739@2|Bacteria,2I3XJ@201174|Actinobacteria,4F4XJ@85017|Promicromonosporaceae",Peptidase family M23,,-,-,-,-,-,-,-,-,-,-,-,-,Peptidase_M23
J2S48_RS22140,-,2202.010485,1390.510234,3419.26086,1.212540292,1.300929171,0.363122683,3.582616106,0.00034017,0.001456714,"2DQFV@1|root,336KJ@2|Bacteria,2I0MX@201174|Actinobacteria,4F4WP@85017|Promicromonosporaceae",-,,-,-,-,-,-,-,-,-,-,-,-,-,-
J2S48_RS15640,S,645.7557391,286.0157948,1185.365656,1.830390009,2.044838121,0.570871671,3.581957603,0.000341029,0.001458562,"COG0599@1|root,COG0599@2|Bacteria,2GITB@201174|Actinobacteria,4F5MZ@85017|Promicromonosporaceae",Carboxymuconolactone decarboxylase family,,-,-,4.1.1.44,ko:K01607,"ko00362,ko01100,ko01120,ko01220,map00362,map01100,map01120,map01220",-,R03470,RC00938,"ko00000,ko00001,ko01000",-,-,-,CMD
J2S48_RS12150,,1517.144713,954.6387276,2360.90369,1.218943384,1.310710594,0.367202694,3.56944711,0.000357735,0.001526189,,,,,,,,,,,,,,,,
J2S48_RS09095,K,1171.116106,666.0470397,1928.719705,1.413682386,1.539542654,0.432728443,3.557757018,0.000374035,0.001587788,"COG1846@1|root,COG1846@2|Bacteria,2IIT4@201174|Actinobacteria,4ECB6@85010|Pseudonocardiales",MarR family,,-,-,-,-,-,-,-,-,-,-,-,-,"MarR,MarR_2"
J2S48_RS07765,L,2381.860738,1250.208957,4079.338411,1.550164246,1.70966572,0.483338891,3.537198748,0.000404395,0.001710286,"COG0494@1|root,COG0494@2|Bacteria,2II4D@201174|Actinobacteria,4F4QP@85017|Promicromonosporaceae",NUDIX domain,,mutT3,-,3.6.1.55,ko:K03574,-,-,-,-,"ko00000,ko01000,ko03400",-,-,-,NUDIX
J2S48_RS05160,K,384.0834827,184.1256947,684.0201648,1.712040699,1.90842251,0.540776391,3.52904184,0.000417067,0.001757346,"COG0789@1|root,COG0789@2|Bacteria,2IQ62@201174|Actinobacteria,4F4YZ@85017|Promicromonosporaceae","helix_turn_helix, mercury resistance",,-,-,-,-,-,-,-,-,-,-,-,-,MerR_1
J2S48_RS23150,S,440.9700229,252.0073452,724.4140393,1.388658681,1.516808854,0.434111254,3.494055589,0.000475742,0.001992279,"COG3358@1|root,COG3631@1|root,COG3358@2|Bacteria,COG3631@2|Bacteria,2IM62@201174|Actinobacteria,4G1CB@85025|Nocardiaceae",Domain of unknown function (DUF4440),,-,-,-,-,-,-,-,-,-,-,-,-,SnoaL_2
J2S48_RS05115,K,587.403151,369.6091919,914.0940898,1.211283766,1.3050145,0.373587867,3.493192943,0.000477282,0.001995419,"COG1309@1|root,COG1309@2|Bacteria,2GMDF@201174|Actinobacteria",Transcriptional regulator,,-,-,-,-,-,-,-,-,-,-,-,-,TetR_N
J2S48_RS06935,S,817.7921471,451.5837343,1367.104766,1.44802178,1.587900975,0.455597097,3.485318466,0.000491552,0.002043442,"COG2346@1|root,COG2346@2|Bacteria,2IKPF@201174|Actinobacteria,4F4FZ@85017|Promicromonosporaceae",Bacterial-like globin,,glbO,"GO:0003674,GO:0005488,GO:0005575,GO:0005623,GO:0005886,GO:0006810,GO:0008144,GO:0008150,GO:0015669,GO:0015671,GO:0015893,GO:0016020,GO:0019825,GO:0020037,GO:0036094,GO:0042221,GO:0042493,GO:0044464,GO:0046906,GO:0048037,GO:0050896,GO:0051179,GO:0051234,GO:0071944,GO:0097159,GO:1901363",-,ko:K06886,-,-,-,-,ko00000,-,-,-,Bac_globin
J2S48_RS21030,G,1665.837818,768.4234768,3011.95933,1.75987867,1.968659191,0.565809191,3.479369409,0.000502595,0.002084274,"COG3397@1|root,COG3397@2|Bacteria,2GP7X@201174|Actinobacteria,4EHX8@85012|Streptosporangiales","Lytic polysaccharide mono-oxygenase, cellulose-degrading",,-,-,-,ko:K03933,-,-,-,-,ko00000,-,"AA10,CBM73",-,"CBM_2,LPMO_10,fn3"
J2S48_RS16190,CH,1188.851491,468.7845165,2268.951954,2.00040115,2.273263838,0.654394305,3.473844166,0.000513059,0.002125085,"COG0654@1|root,COG0654@2|Bacteria,2GJG5@201174|Actinobacteria,4FQ29@85023|Microbacteriaceae",FAD binding domain,,-,-,-,-,-,-,-,-,-,-,-,-,FAD_binding_3
J2S48_RS15910,L,2039.045942,1386.628641,3017.671894,1.054541518,1.124060004,0.323814372,3.471309805,0.000517926,0.002142645,"COG0353@1|root,COG0353@2|Bacteria,2GJY0@201174|Actinobacteria,4F382@85017|Promicromonosporaceae",May play a role in DNA repair. It seems to be involved in an RecBC-independent recombinational process of DNA repair. It may act with RecF and RecO,,recR,-,-,ko:K06187,"ko03440,map03440",-,-,-,"ko00000,ko00001,ko03400",-,-,-,"HHH,RecR,Toprim_4"
J2S48_RS21505,K,183.0715395,32.3128184,409.2096211,3.14785275,3.75917234,1.084508887,3.466243924,0.000527784,0.002175516,"COG2197@1|root,COG2197@2|Bacteria,2GJ46@201174|Actinobacteria,4F4J2@85017|Promicromonosporaceae","helix_turn_helix, Lux Regulon",,-,-,-,-,-,-,-,-,-,-,-,-,"GerE,Response_reg"
J2S48_RS19185,,107.6320825,24.14889704,232.8568607,2.726212714,3.19179756,0.923569118,3.455937945,0.000548382,0.002257691,,,,,,,,,,,,,,,,
J2S48_RS13220,K,1800.017797,1230.507629,2654.28305,1.044081246,1.112239791,0.322395812,3.449920096,0.000560753,0.002303067,"COG1595@1|root,COG1595@2|Bacteria,2GMRK@201174|Actinobacteria,4F3J1@85017|Promicromonosporaceae",Sigma-70 region 2,,sigG,-,-,ko:K03088,-,-,-,-,"ko00000,ko03021",-,-,-,"NTF2,Sigma70_r2,Sigma70_r4_2,SnoaL_2"
J2S48_RS01165,S,331.7737628,99.57437536,680.072844,2.385923336,2.768404843,0.803355164,3.446053461,0.000568838,0.002330664,"COG0628@1|root,COG0628@2|Bacteria,2GK0H@201174|Actinobacteria,4F3AM@85017|Promicromonosporaceae",AI-2E family transporter,,-,-,-,-,-,-,-,-,-,-,-,-,AI-2E_transport
J2S48_RS19135,C,6012.507437,4179.644054,8761.802512,1.00147164,1.068004558,0.312368645,3.41905173,0.000628398,0.00255324,"COG0473@1|root,COG0473@2|Bacteria,2GK44@201174|Actinobacteria,4F445@85017|Promicromonosporaceae",Catalyzes the oxidation of 3-carboxy-2-hydroxy-4- methylpentanoate (3-isopropylmalate) to 3-carboxy-4-methyl-2- oxopentanoate. The product decarboxylates to 4-methyl-2 oxopentanoate,,leuB,"GO:0003674,GO:0003824,GO:0003862,GO:0005575,GO:0005622,GO:0005623,GO:0005737,GO:0008150,GO:0008152,GO:0016491,GO:0016614,GO:0016616,GO:0040007,GO:0044424,GO:0044464,GO:0055114",1.1.1.85,ko:K00052,"ko00290,ko00660,ko01100,ko01110,ko01210,ko01230,map00290,map00660,map01100,map01110,map01210,map01230","M00432,M00535","R00994,R04426,R10052","RC00084,RC00417,RC03036","br01601,ko00000,ko00001,ko00002,ko01000",-,-,-,Iso_dh
J2S48_RS14580,E,2060.945544,1407.154647,3041.63189,1.044379534,1.115911965,0.326860541,3.414030835,0.000640093,0.002596028,"COG1126@1|root,COG1126@2|Bacteria,2GIZW@201174|Actinobacteria,4F3XK@85017|Promicromonosporaceae","AAA domain, putative AbiEii toxin, Type IV TA system",,glnQ,-,-,ko:K10010,"ko02010,map02010",M00234,-,-,"ko00000,ko00001,ko00002,ko01000,ko02000","3.A.1.3.10,3.A.1.3.14",-,-,ABC_tran
J2S48_RS06745,,194.9365498,97.76601998,340.6923446,1.596924978,1.781449456,0.523525334,3.402795125,0.000667003,0.002687698,,,,,,,,,,,,,,,,
J2S48_RS11210,S,1791.615262,1138.779324,2770.86917,1.18930742,1.284831928,0.377559209,3.402994541,0.000666516,0.002687698,"COG2357@1|root,COG2357@2|Bacteria,2GKF8@201174|Actinobacteria,4F3EH@85017|Promicromonosporaceae",Region found in RelA / SpoT proteins,,ywaC,-,2.7.6.5,ko:K07816,"ko00230,map00230",-,R00429,"RC00002,RC00078","ko00000,ko00001,ko01000",-,-,-,RelA_SpoT
J2S48_RS23065,K,234.665028,132.8289963,387.4190754,1.409565216,1.553118263,0.458765983,3.38542595,0.000710679,0.002846886,"COG2197@1|root,COG2197@2|Bacteria,2IC7E@201174|Actinobacteria,4DZCX@85010|Pseudonocardiales","helix_turn_helix, Lux Regulon",,-,-,-,-,-,-,-,-,-,-,-,-,"AAA_16,GerE,Sigma70_r4_2"
J2S48_RS08665,P,1208.067786,720.648792,1939.196276,1.306446218,1.425768857,0.42279073,3.372280317,0.000745485,0.002975838,"COG2897@1|root,COG2897@2|Bacteria,2GIYU@201174|Actinobacteria,4F4A3@85017|Promicromonosporaceae",Rhodanese Homology Domain,,sseA,"GO:0005575,GO:0005618,GO:0005622,GO:0005623,GO:0005737,GO:0005829,GO:0005886,GO:0016020,GO:0030312,GO:0044424,GO:0044444,GO:0044464,GO:0071944","2.8.1.1,2.8.1.2",ko:K01011,"ko00270,ko00920,ko01100,ko01120,ko04122,map00270,map00920,map01100,map01120,map04122",-,"R01931,R03105,R03106",RC00214,"ko00000,ko00001,ko01000",-,-,-,Rhodanese
J2S48_RS24710,V,1032.496919,599.4734727,1682.032088,1.351729942,1.481300174,0.439795012,3.368160472,0.000756715,0.0030066,"COG1968@1|root,COG1968@2|Bacteria,2GJVG@201174|Actinobacteria,4F3ZS@85017|Promicromonosporaceae",Catalyzes the dephosphorylation of undecaprenyl diphosphate (UPP). Confers resistance to bacitracin,,uppP,-,3.6.1.27,ko:K06153,"ko00550,map00550",-,R05627,RC00002,"ko00000,ko00001,ko01000,ko01011",-,-,-,BacA
J2S48_RS00035,G,539.5128437,176.3259241,1084.293223,2.25385373,2.626863685,0.780688399,3.364804304,0.00076598,0.003032817,"COG3507@1|root,COG5297@1|root,COG3507@2|Bacteria,COG5297@2|Bacteria",Belongs to the glycosyl hydrolase family 6,,-,-,3.2.1.8,ko:K01181,-,-,-,-,"ko00000,ko01000",-,-,-,"CBM_2,CBM_4_9,Glyco_hydro_62,Laminin_G_3"
J2S48_RS09740,-,1010.880286,596.0039711,1633.194758,1.322907739,1.447745339,0.430502842,3.362917028,0.000771235,0.003046558,"2FFUM@1|root,347RQ@2|Bacteria,2ISFG@201174|Actinobacteria",-,,-,-,-,-,-,-,-,-,-,-,-,-,-
J2S48_RS04515,K,31978.07598,15666.96235,56444.74641,1.651128341,1.849239416,0.550105927,3.361606055,0.000774906,0.003053988,"COG2001@1|root,COG2001@2|Bacteria,2IHUB@201174|Actinobacteria,4F4FI@85017|Promicromonosporaceae","MraZ protein, putative antitoxin-like",,mraZ,"GO:0000976,GO:0001067,GO:0003674,GO:0003676,GO:0003677,GO:0003690,GO:0003700,GO:0005488,GO:0006355,GO:0008150,GO:0009889,GO:0009890,GO:0009892,GO:0010468,GO:0010556,GO:0010558,GO:0010605,GO:0010629,GO:0019219,GO:0019222,GO:0031323,GO:0031324,GO:0031326,GO:0031327,GO:0031333,GO:0040007,GO:0043254,GO:0043565,GO:0044087,GO:0044212,GO:0045892,GO:0045934,GO:0048519,GO:0048523,GO:0050789,GO:0050794,GO:0051128,GO:0051129,GO:0051171,GO:0051172,GO:0051252,GO:0051253,GO:0060255,GO:0065007,GO:0080090,GO:0097159,GO:0140110,GO:1901363,GO:1902679,GO:1903506,GO:1903507,GO:1990837,GO:2000112,GO:2000113,GO:2000142,GO:2000143,GO:2001141",-,ko:K03925,-,-,-,-,ko00000,-,-,-,MraZ
J2S48_RS13375,,878.4980687,24.41608645,2159.621042,5.222290574,6.493121879,1.931529517,3.361647762,0.000774789,0.003053988,,,,,,,,,,,,,,,,
J2S48_RS24965,,2375.015551,1586.573989,3557.677893,1.087504829,1.168498488,0.349502344,3.343320891,0.000827821,0.003243804,,,,,,,,,,,,,,,,
J2S48_RS01620,K,999.8224359,673.668282,1489.053667,1.071410226,1.149229443,0.345240538,3.328778971,0.000872276,0.003386892,"COG0454@1|root,COG0456@2|Bacteria,2I582@201174|Actinobacteria",Acetyltransferase (GNAT) domain,,-,-,-,-,-,-,-,-,-,-,-,-,Acetyltransf_1
J2S48_RS11140,,262.5724078,130.2558696,461.0472152,1.630189972,1.835503377,0.55127333,3.329570431,0.000869801,0.003386892,,,,,,,,,,,,,,,,
J2S48_RS11920,P,274.0383818,92.22403568,546.759901,2.1772488,2.536620597,0.764164657,3.319468617,0.000901889,0.003486012,"COG4209@1|root,COG4209@2|Bacteria,2GKSR@201174|Actinobacteria,4F402@85017|Promicromonosporaceae",PFAM binding-protein-dependent transport systems inner membrane component,,-,-,-,ko:K17319,"ko02010,map02010",M00603,-,-,"ko00000,ko00001,ko00002,ko02000","3.A.1.1.29,3.A.1.1.9",-,-,BPD_transp_1
J2S48_RS16445,K,10172.08027,6414.564282,15808.35426,1.188557722,1.301104978,0.392223056,3.317257762,0.000909057,0.003509742,"COG1329@1|root,COG1329@2|Bacteria,2GKSU@201174|Actinobacteria,4F3FT@85017|Promicromonosporaceae",CarD-like/TRCF domain,,carD,"GO:0006950,GO:0007154,GO:0008150,GO:0009267,GO:0009405,GO:0009605,GO:0009987,GO:0009991,GO:0015968,GO:0031667,GO:0031668,GO:0031669,GO:0033554,GO:0040007,GO:0042594,GO:0044419,GO:0050896,GO:0051704,GO:0051716,GO:0071496",-,ko:K07736,-,-,-,-,"ko00000,ko03000",-,-,-,CarD_CdnL_TRCF
J2S48_RS20450,O,487.9356492,242.6040283,855.9330807,1.60707096,1.805497157,0.544517557,3.315773996,0.000913897,0.003524441,"COG0695@1|root,COG0695@2|Bacteria,2I0S4@201174|Actinobacteria,4F5SD@85017|Promicromonosporaceae","Glutathione S-transferase, N-terminal domain",,-,-,-,-,-,-,-,-,-,-,-,-,Glutaredoxin
J2S48_RS16585,T,1606.214325,826.4787065,2775.817752,1.5588144,1.753874008,0.532022632,3.296615411,0.000978574,0.003752666,"COG0745@1|root,COG0745@2|Bacteria,2GIZB@201174|Actinobacteria,4F36W@85017|Promicromonosporaceae","Transcriptional regulatory protein, C terminal",,phoP,-,-,ko:K02483,-,-,-,-,"ko00000,ko02022",-,-,-,"Response_reg,Trans_reg_C"
J2S48_RS11915,P,129.6427169,39.4470231,264.9362575,2.316503749,2.728122429,0.827801462,3.295624077,0.000982033,0.003761705,"COG0395@1|root,COG0395@2|Bacteria,2GJPQ@201174|Actinobacteria,4F48A@85017|Promicromonosporaceae",PFAM binding-protein-dependent transport systems inner membrane component,,-,-,-,ko:K17320,"ko02010,map02010",M00603,-,-,"ko00000,ko00001,ko00002,ko02000","3.A.1.1.29,3.A.1.1.9",-,-,BPD_transp_1
J2S48_RS08335,K,896.2869178,462.4475871,1547.045914,1.545190741,1.732558601,0.527159228,3.286594463,0.001014068,0.003871379,"COG0583@1|root,COG0583@2|Bacteria,2GMWK@201174|Actinobacteria,4F54A@85017|Promicromonosporaceae",LysR substrate binding domain,,-,-,-,-,-,-,-,-,-,-,-,-,"HTH_1,LysR_substrate"
J2S48_RS09805,S,450.8481073,228.4106736,784.504258,1.584544339,1.784034968,0.543936786,3.279857168,0.001038597,0.003956172,"COG2244@1|root,COG2244@2|Bacteria,2IBQB@201174|Actinobacteria,4FRG2@85023|Microbacteriaceae",polysaccharide biosynthetic process,,-,-,-,-,-,-,-,-,-,-,-,-,Polysacc_synt
J2S48_RS13635,,613.9950234,380.0942334,964.8462084,1.23509507,1.348699182,0.412302511,3.271139872,0.001071149,0.004057527,,,,,,,,,,,,,,,,
J2S48_RS24990,CH,1999.275396,716.0338518,3924.137713,2.102931401,2.452394568,0.751737957,3.262299777,0.001105122,0.004176945,"COG0654@1|root,COG0654@2|Bacteria,2GK7I@201174|Actinobacteria","tryptophan 2,3-dioxygenase activity",,-,-,-,-,-,-,-,-,-,-,-,-,"FAD_binding_3,Trp_dioxygenase"
J2S48_RS12815,S,22392.86194,1876.578146,53167.28762,3.882269673,4.824796171,1.482962951,3.253483958,0.001139992,0.00428696,"293R6@1|root,2ZR6U@2|Bacteria,2HRYX@201174|Actinobacteria",Tripartite tricarboxylate transporter TctB family,,-,-,-,ko:K07794,"ko02020,map02020",-,-,-,"ko00000,ko00001,ko02000",2.A.80.1,-,-,TctB
J2S48_RS05405,K,128.4202203,47.30817762,250.0882843,2.069733461,2.433511948,0.754160676,3.226781805,0.001251909,0.004669688,"COG1733@1|root,COG1733@2|Bacteria,2GMK5@201174|Actinobacteria,236VX@1762|Mycobacteriaceae",HxlR-like helix-turn-helix,,-,-,-,-,-,-,-,-,-,-,-,-,"HxlR,SCP2"
J2S48_RS26465,Q,280.4662965,111.8200129,533.435722,1.921533625,2.229567636,0.691077914,3.226217465,0.00125438,0.004673798,"COG2124@1|root,COG2124@2|Bacteria,2GJKV@201174|Actinobacteria",Belongs to the cytochrome P450 family,,-,-,-,-,-,-,-,-,-,-,-,-,p450
J2S48_RS00575,M,126.0985601,29.09983639,271.5966456,2.713161396,3.320117081,1.032132832,3.216753676,0.001296499,0.004814962,"COG1215@1|root,COG1215@2|Bacteria,2HEW4@201174|Actinobacteria,1W8I0@1268|Micrococcaceae",Glycosyl transferase family group 2,,-,-,-,-,-,-,-,-,-,-,-,-,"Glyco_trans_2_3,Glycos_transf_2"
J2S48_RS22010,,2829.99228,1811.699553,4357.43137,1.162060609,1.265190017,0.393615155,3.214281768,0.001307713,0.004846063,,,,,,,,,,,,,,,,
J2S48_RS07380,S,1010.735933,523.0343163,1742.288358,1.543109499,1.741634805,0.54299975,3.20743206,0.001339257,0.004946844,"COG4147@1|root,COG4147@2|Bacteria,2GM3H@201174|Actinobacteria,4F5YZ@85017|Promicromonosporaceae",Sodium:solute symporter family,,-,-,-,ko:K14393,-,-,-,-,"ko00000,ko02000",2.A.21.7,-,-,SSF
J2S48_RS19825,IQ,3636.294353,2429.689949,5446.20096,1.081642781,1.164557618,0.363183886,3.206523373,0.001343494,0.004957129,"COG0318@1|root,COG0318@2|Bacteria,2GIUC@201174|Actinobacteria,4F5EF@85017|Promicromonosporaceae",AMP-binding enzyme C-terminal domain,,4CL,-,6.2.1.3,ko:K01897,"ko00061,ko00071,ko01100,ko01212,ko02024,ko03320,ko04146,ko04216,ko04714,ko04920,map00061,map00071,map01100,map01212,map02024,map03320,map04146,map04216,map04714,map04920",M00086,R01280,"RC00004,RC00014","ko00000,ko00001,ko00002,ko01000,ko01004,ko04147",4.C.1.1,-,-,"AMP-binding,AMP-binding_C"
J2S48_RS09980,S,996.2672313,616.6767105,1565.653013,1.230742645,1.350685552,0.42207185,3.200131806,0.001373648,0.005062915,"2E65S@1|root,330UF@2|Bacteria,2IMEQ@201174|Actinobacteria,4F4PI@85017|Promicromonosporaceae",Domain of unknown function (DUF3817),,-,"GO:0005575,GO:0005623,GO:0005886,GO:0005887,GO:0008150,GO:0016020,GO:0016021,GO:0031224,GO:0031226,GO:0040007,GO:0044425,GO:0044459,GO:0044464,GO:0071944",-,-,-,-,-,-,-,-,-,-,DUF3817
J2S48_RS12710,G,593.890789,324.320126,998.2467835,1.444272187,1.616565329,0.505320782,3.199087365,0.001378634,0.005072764,"COG5297@1|root,COG5297@2|Bacteria,2GK92@201174|Actinobacteria,4F56D@85017|Promicromonosporaceae",Glycosyl hydrolases family 6,,guxA1,-,3.2.1.91,ko:K19668,"ko00500,ko01100,ko02020,map00500,map01100,map02020",-,"R02886,R11308",RC00799,"ko00000,ko00001,ko01000",-,GH6,-,"CBM_2,CBM_3,Glyco_hydro_6,fn3"
J2S48_RS14165,F,3573.908352,2226.538641,5594.962919,1.214925966,1.330963494,0.41612238,3.198490537,0.001381491,0.00507538,"COG0462@1|root,COG0462@2|Bacteria,2GJ9S@201174|Actinobacteria,4F3X7@85017|Promicromonosporaceae",Involved in the biosynthesis of the central metabolite phospho-alpha-D-ribosyl-1-pyrophosphate (PRPP) via the transfer of pyrophosphoryl group from ATP to 1-hydroxyl of ribose-5-phosphate (Rib-5-P),,prs,-,2.7.6.1,ko:K00948,"ko00030,ko00230,ko01100,ko01110,ko01120,ko01130,ko01200,ko01230,map00030,map00230,map01100,map01110,map01120,map01130,map01200,map01230",M00005,R01049,"RC00002,RC00078","ko00000,ko00001,ko00002,ko01000",-,-,-,"Pribosyl_synth,Pribosyltran_N"
J2S48_RS04840,K,9877.601178,5111.397554,17026.90661,1.54432028,1.736130501,0.542875915,3.198024546,0.001383725,0.005078122,"COG1396@1|root,COG1396@2|Bacteria,2GR3F@201174|Actinobacteria,4F4S7@85017|Promicromonosporaceae",transcriptional,,clgR,"GO:0002682,GO:0002683,GO:0003674,GO:0003676,GO:0003677,GO:0005488,GO:0006109,GO:0006355,GO:0006950,GO:0006979,GO:0008150,GO:0009266,GO:0009268,GO:0009408,GO:0009605,GO:0009607,GO:0009628,GO:0009889,GO:0009891,GO:0009893,GO:0009894,GO:0009987,GO:0010447,GO:0010468,GO:0010556,GO:0010557,GO:0010565,GO:0010604,GO:0010628,GO:0010675,GO:0019216,GO:0019217,GO:0019219,GO:0019222,GO:0022611,GO:0030162,GO:0031323,GO:0031325,GO:0031326,GO:0031328,GO:0031329,GO:0031347,GO:0031348,GO:0032268,GO:0032502,GO:0033554,GO:0035821,GO:0040007,GO:0042176,GO:0043207,GO:0043565,GO:0043620,GO:0044003,GO:0044110,GO:0044111,GO:0044114,GO:0044115,GO:0044116,GO:0044117,GO:0044119,GO:0044403,GO:0044413,GO:0044414,GO:0044419,GO:0045088,GO:0045824,GO:0045893,GO:0045935,GO:0048518,GO:0048519,GO:0048522,GO:0048583,GO:0048585,GO:0050776,GO:0050777,GO:0050789,GO:0050794,GO:0050896,GO:0051171,GO:0051173,GO:0051246,GO:0051252,GO:0051254,GO:0051701,GO:0051704,GO:0051707,GO:0051716,GO:0051817,GO:0051832,GO:0051833,GO:0052031,GO:0052037,GO:0052167,GO:0052170,GO:0052173,GO:0052200,GO:0052255,GO:0052261,GO:0052306,GO:0052309,GO:0052552,GO:0052553,GO:0052561,GO:0052562,GO:0052564,GO:0052572,GO:0060255,GO:0061136,GO:0062012,GO:0065007,GO:0075136,GO:0080090,GO:0080134,GO:0085016,GO:0090062,GO:0097159,GO:1901363,GO:1902680,GO:1902882,GO:1903050,GO:1903362,GO:1903506,GO:1903508,GO:2000112,GO:2001141",-,-,-,-,-,-,-,-,-,-,HTH_31
J2S48_RS11055,S,1048.810672,686.2015747,1592.724318,1.11435234,1.209078247,0.379327976,3.187421771,0.001435473,0.00523986,"COG1470@1|root,COG1470@2|Bacteria,2GP8D@201174|Actinobacteria,4F392@85017|Promicromonosporaceae",Protein of unknown function (DUF3048) C-terminal domain,,yerB,-,-,-,-,-,-,-,-,-,-,-,"DUF3048,DUF3048_C"
J2S48_RS19975,I,1152.942628,722.7605669,1798.21572,1.195803682,1.309163034,0.411359288,3.182529415,0.001459947,0.005323503,"COG3239@1|root,COG3239@2|Bacteria,2GJKF@201174|Actinobacteria,4F3RA@85017|Promicromonosporaceae",Fatty acid desaturase,,-,-,-,-,-,-,-,-,-,-,-,-,FA_desaturase
J2S48_RS02050,-,567.7018148,356.9325848,883.8556599,1.19320928,1.306352404,0.411187613,3.177022761,0.001487954,0.005419835,"2E3SR@1|root,32YQ8@2|Bacteria,2GQKG@201174|Actinobacteria,4F4VM@85017|Promicromonosporaceae",-,,-,-,-,-,-,-,-,-,-,-,-,-,-
J2S48_RS15535,E,3804.812635,2515.307793,5739.069897,1.097223432,1.18957505,0.374471998,3.176672906,0.00148975,0.005420592,"COG1305@1|root,COG1305@2|Bacteria,2HU9U@201174|Actinobacteria,4F5XP@85017|Promicromonosporaceae",Transglutaminase-like,,-,-,-,-,-,-,-,-,-,-,-,-,-
J2S48_RS13890,I,420.3010373,203.598643,745.3546288,1.646438485,1.882203787,0.59272598,3.175504114,0.001495764,0.005430896,"COG2267@1|root,COG2267@2|Bacteria,2GJUE@201174|Actinobacteria",Alpha beta hydrolase,,-,-,-,-,-,-,-,-,-,-,-,-,Abhydrolase_6
J2S48_RS01735,,871.7670568,603.35169,1274.390107,1.007150996,1.084407841,0.342328125,3.16774393,0.001536268,0.005552641,,,,,,,,,,,,,,,,
J2S48_RS15030,S,655.4539872,384.347906,1062.113109,1.311247831,1.456516382,0.45982802,3.167524201,0.001537429,0.005552641,"COG2314@1|root,COG2314@2|Bacteria,2HFED@201174|Actinobacteria,4F5XV@85017|Promicromonosporaceae",TM2 domain,,-,-,-,-,-,-,-,-,-,-,-,-,TM2
J2S48_RS01610,L,6269.133768,3282.710881,10748.7681,1.512541988,1.71206019,0.540702892,3.166360336,0.001543595,0.005563134,"COG1403@1|root,COG1403@2|Bacteria,2GMJV@201174|Actinobacteria,4F4IN@85017|Promicromonosporaceae",HNH endonuclease,,-,-,-,-,-,-,-,-,-,-,-,-,"HNH,HNH_5"
J2S48_RS24480,H,135.9113241,50.25259866,264.3994123,2.051274516,2.433000423,0.771406182,3.153980976,0.001610596,0.005780193,"COG0262@1|root,COG0262@2|Bacteria,2GKX0@201174|Actinobacteria,4F4MY@85017|Promicromonosporaceae",RibD C-terminal domain,,-,-,-,-,-,-,-,-,-,-,-,-,RibD_C
J2S48_RS26340,K,463.1534885,136.1841096,953.6075569,2.335689859,2.813760464,0.892817071,3.151553164,0.001624046,0.005816232,"COG1318@1|root,COG1318@2|Bacteria,2H5ID@201174|Actinobacteria",chitinase activity,,-,-,-,ko:K18546,-,-,-,-,"ko00000,ko01000,ko01002",-,-,-,"Pro_Al_protease,Ricin_B_lectin,Trypsin"
J2S48_RS18395,L,94.02863309,4.853736758,227.7909776,4.335933001,5.755960771,1.833755162,3.138892742,0.001695875,0.00604809,"COG1637@1|root,COG1637@2|Bacteria,2GIYB@201174|Actinobacteria,4F3EI@85017|Promicromonosporaceae",Cleaves both 3' and 5' ssDNA extremities of branched DNA structures,,nucS,-,-,ko:K07503,-,-,-,-,"ko00000,ko01000",-,-,-,NucS
J2S48_RS10310,F,6645.069236,4186.634929,10332.7207,1.188450549,1.302198722,0.414956004,3.138160936,0.001700115,0.006056882,"COG0563@1|root,COG0563@2|Bacteria,2GJ7T@201174|Actinobacteria,4F442@85017|Promicromonosporaceae",Catalyzes the reversible transfer of the terminal phosphate group between ATP and AMP. Plays an important role in cellular energy homeostasis and in adenine nucleotide metabolism,,adk,-,2.7.4.3,ko:K00939,"ko00230,ko00730,ko01100,ko01110,ko01130,map00230,map00730,map01100,map01110,map01130",M00049,"R00127,R01547,R11319",RC00002,"ko00000,ko00001,ko00002,ko01000,ko04147",-,-,-,"ADK,ADK_lid"
J2S48_RS12820,S,18782.25467,1107.399793,45294.537,4.168349167,5.35400196,1.710174702,3.130675453,0.001744048,0.006192086,"COG3181@1|root,COG3181@2|Bacteria,2GJ89@201174|Actinobacteria",protein conserved in bacteria,,-,-,-,ko:K07795,"ko02020,map02020",-,-,-,"ko00000,ko00001,ko02000",2.A.80.1,-,-,TctC
J2S48_RS08645,,235.947851,115.005379,417.3615589,1.623744446,1.864141646,0.596422841,3.12553698,0.001774808,0.006290154,,,,,,,,,,,,,,,,
J2S48_RS06630,V,285.1073148,113.3000957,542.8181434,1.923037333,2.263902902,0.725146294,3.121994721,0.001796302,0.006333448,"COG0842@1|root,COG0842@2|Bacteria,2GJ2G@201174|Actinobacteria","transport, permease protein",,-,-,-,ko:K01992,-,M00254,-,-,"ko00000,ko00002,ko02000",3.A.1,-,-,ABC2_membrane
J2S48_RS15915,S,290.6742996,139.3417525,517.6731203,1.644064252,1.889718389,0.60527475,3.122083628,0.001795759,0.006333448,"COG3361@1|root,COG3361@2|Bacteria",conserved protein (COG2071),,-,-,-,ko:K09166,-,-,-,-,ko00000,-,-,-,DUF2071
J2S48_RS19055,,390.1825113,236.927438,620.0651214,1.24420502,1.374925531,0.440737546,3.119601551,0.001810958,0.006378535,,,,,,,,,,,,,,,,
J2S48_RS00990,K,3280.142874,2012.847051,5181.086608,1.232228467,1.36158507,0.436638077,3.118337913,0.001818741,0.006399345,"COG0781@1|root,COG0781@2|Bacteria,2IM3D@201174|Actinobacteria,4F4IV@85017|Promicromonosporaceae",Involved in transcription antitermination. Required for transcription of ribosomal RNA (rRNA) genes. Binds specifically to the boxA antiterminator sequence of the ribosomal RNA (rrn) operons,,nusB,"GO:0008150,GO:0040007",-,ko:K03625,-,-,-,-,"ko00000,ko03009,ko03021",-,-,-,NusB
J2S48_RS05595,C,814.0669412,492.2851407,1296.739642,1.258582056,1.393760067,0.447769782,3.11267112,0.001854025,0.006509765,"COG2141@1|root,COG2141@2|Bacteria,2GM94@201174|Actinobacteria,4F3MU@85017|Promicromonosporaceae",Luciferase-like monooxygenase,,-,-,-,-,-,-,-,-,-,-,-,-,Bac_luciferase
J2S48_RS20555,T,797.2373401,235.1783049,1640.325893,2.317093122,2.804685126,0.901569669,3.110891174,0.001865237,0.006535988,"COG2337@1|root,COG2337@2|Bacteria,2GM10@201174|Actinobacteria,4F4KP@85017|Promicromonosporaceae","PemK-like, MazF-like toxin of type II toxin-antitoxin system",,-,-,-,-,-,-,-,-,-,-,-,-,PemK_toxin
J2S48_RS06445,E,952.7552415,565.8965462,1533.043284,1.285818349,1.429402174,0.463470287,3.084129046,0.00204149,0.007066538,"COG0747@1|root,COG0747@2|Bacteria,2GNKN@201174|Actinobacteria","PFAM extracellular solute-binding protein, family 5",,-,-,-,ko:K02035,"ko02024,map02024",M00239,-,-,"ko00000,ko00001,ko00002,ko02000",3.A.1.5,-,-,SBP_bac_5
J2S48_RS18940,-,217.212197,107.2102848,382.2150652,1.584744203,1.820164682,0.591748993,3.075906681,0.002098635,0.007248105,"2EMXH@1|root,33FJS@2|Bacteria,2I0SC@201174|Actinobacteria,4F5TX@85017|Promicromonosporaceae",-,,-,-,-,-,-,-,-,-,-,-,-,-,-
J2S48_RS04145,E,584.2478988,349.5857532,936.2411171,1.280106158,1.429763364,0.468981118,3.0486587,0.002298655,0.007798517,"COG0548@1|root,COG0548@2|Bacteria,2GKDS@201174|Actinobacteria,4F47S@85017|Promicromonosporaceae",Belongs to the acetylglutamate kinase family. ArgB subfamily,,argB,"GO:0003674,GO:0003824,GO:0003991,GO:0005488,GO:0005575,GO:0005618,GO:0005623,GO:0005886,GO:0006082,GO:0006520,GO:0006525,GO:0006526,GO:0006793,GO:0006796,GO:0006807,GO:0008150,GO:0008152,GO:0008652,GO:0009058,GO:0009064,GO:0009084,GO:0009987,GO:0016020,GO:0016053,GO:0016301,GO:0016310,GO:0016597,GO:0016740,GO:0016772,GO:0016774,GO:0019752,GO:0030312,GO:0031406,GO:0034618,GO:0036094,GO:0040007,GO:0043167,GO:0043168,GO:0043169,GO:0043177,GO:0043436,GO:0044237,GO:0044238,GO:0044249,GO:0044281,GO:0044283,GO:0044464,GO:0046394,GO:0071704,GO:0071944,GO:1901564,GO:1901566,GO:1901576,GO:1901605,GO:1901607",2.7.2.8,ko:K00930,"ko00220,ko01100,ko01110,ko01130,ko01210,ko01230,map00220,map01100,map01110,map01130,map01210,map01230",M00028,R02649,"RC00002,RC00043","ko00000,ko00001,ko00002,ko01000",-,-,-,AA_kinase
J2S48_RS16470,E,1952.839236,1349.033691,2858.547555,1.004206853,1.0858419,0.357733616,3.035336491,0.002402675,0.008103091,"COG3616@1|root,COG3616@2|Bacteria,2GJMB@201174|Actinobacteria,4F419@85017|Promicromonosporaceae",Alanine racemase,,-,-,-,-,-,-,-,-,-,-,-,-,Ala_racemase_N
J2S48_RS01810,E,81.17482144,17.66339987,176.4419538,2.633286006,3.297387054,1.088341321,3.029736158,0.002447675,0.008246706,"COG4177@1|root,COG4177@2|Bacteria,2GMGD@201174|Actinobacteria",Belongs to the binding-protein-dependent transport system permease family,,-,-,-,ko:K01998,"ko02010,ko02024,map02010,map02024",M00237,-,-,"ko00000,ko00001,ko00002,ko02000",3.A.1.4,-,-,BPD_transp_2
J2S48_RS00615,C,2845.221885,1859.480086,4323.834585,1.112575911,1.21979853,0.402921496,3.027385088,0.002466795,0.00830293,"COG0281@1|root,COG0281@2|Bacteria,2GJAJ@201174|Actinobacteria,4F41A@85017|Promicromonosporaceae","Malic enzyme, NAD binding domain",,maeB,-,1.1.1.38,ko:K00027,"ko00620,ko01200,ko02020,map00620,map01200,map02020",-,R00214,RC00105,"ko00000,ko00001,ko01000",-,-,-,"Malic_M,malic"
J2S48_RS14560,S,241.5638964,111.0606369,437.3187858,1.712575236,2.011766865,0.667377042,3.014438224,0.002574556,0.008617519,"2EGCD@1|root,33A46@2|Bacteria,2I0MJ@201174|Actinobacteria,4F4SW@85017|Promicromonosporaceae",Septum formation,,-,-,-,-,-,-,-,-,-,-,-,-,Septum_form
J2S48_RS04450,M,324.4259891,146.8428345,590.8007211,1.707018404,1.997436733,0.662769398,3.013773328,0.002580205,0.008625112,"COG0770@1|root,COG0770@2|Bacteria,2GK0Y@201174|Actinobacteria,4F3TR@85017|Promicromonosporaceae","Involved in cell wall formation. Catalyzes the final step in the synthesis of UDP-N-acetylmuramoyl-pentapeptide, the precursor of murein",,murF,-,6.3.2.10,ko:K01929,"ko00300,ko00550,ko01100,ko01502,map00300,map00550,map01100,map01502",-,"R04573,R04617","RC00064,RC00141","ko00000,ko00001,ko01000,ko01011",-,-,-,"Mur_ligase,Mur_ligase_C,Mur_ligase_M"
J2S48_RS06405,,769.7232759,453.4104682,1244.192487,1.30756558,1.467494526,0.487812138,3.008319007,0.002626972,0.008772854,,,,,,,,,,,,,,,,
J2S48_RS04835,L,628.1264174,419.7744367,940.6543886,1.063985848,1.161244384,0.386928407,3.001186684,0.002689296,0.008945973,"COG0266@1|root,COG0266@2|Bacteria,2GKCW@201174|Actinobacteria,4F4E8@85017|Promicromonosporaceae",Formamidopyrimidine-DNA glycosylase H2TH domain,,nei,-,4.2.99.18,ko:K05522,"ko03410,map03410",-,-,-,"ko00000,ko00001,ko01000,ko03400",-,-,-,"Fapy_DNA_glyco,H2TH,zf-FPG_IleRS"
J2S48_RS13725,E,1298.201279,872.2138588,1937.18241,1.051478655,1.147253216,0.382709792,2.997710643,0.002720158,0.009013495,"COG0685@1|root,COG0685@2|Bacteria,2GJTN@201174|Actinobacteria,4F3SS@85017|Promicromonosporaceae",Methylenetetrahydrofolate reductase,,metF,-,1.5.1.20,ko:K00297,"ko00670,ko00720,ko01100,ko01120,ko01200,ko01523,map00670,map00720,map01100,map01120,map01200,map01523",M00377,"R01224,R07168",RC00081,"ko00000,ko00001,ko00002,ko01000",-,-,-,MTHFR
J2S48_RS14755,Q,34.06765781,3.202455848,80.36546075,3.613853177,5.007316579,1.672606278,2.993721024,0.002755978,0.00912333,"COG3485@1|root,COG3485@2|Bacteria,2GNNC@201174|Actinobacteria","catechol 1,2-dioxygenase",,-,-,"1.13.11.1,1.13.11.37","ko:K03381,ko:K04098","ko00361,ko00362,ko00364,ko00623,ko01100,ko01120,ko01220,map00361,map00362,map00364,map00623,map01100,map01120,map01220",M00568,"R00817,R03891,R04061,R04258,R05299,R08114,R08115,R09134","RC00388,RC00535,RC01016,RC01366","ko00000,ko00001,ko00002,ko01000",-,-,-,"Dioxygenase_C,Dioxygenase_N"
J2S48_RS21015,EGP,451.8472126,231.013072,783.0984235,1.533975777,1.771336833,0.592496093,2.989617746,0.002793268,0.009237813,"COG0477@1|root,COG0477@2|Bacteria,2GJ09@201174|Actinobacteria,4F3JQ@85017|Promicromonosporaceae",Fungal trichothecene efflux pump (TRI12),,-,-,-,-,-,-,-,-,-,-,-,-,MFS_1
J2S48_RS23885,,3303.1133,1736.240371,5653.422693,1.483037714,1.700759633,0.570238263,2.982542113,0.002858653,0.009435767,,,,,,,,,,,,,,,,
J2S48_RS15755,K,739.2078231,352.0265098,1319.979793,1.628139376,1.898750216,0.637043161,2.980567617,0.002877147,0.009478478,"COG5450@1|root,32SQA@2|Bacteria,2IKJX@201174|Actinobacteria,4F4M0@85017|Promicromonosporaceae",Transcription regulator of the Arc MetJ class,,-,-,-,-,-,-,-,-,-,-,-,-,-
J2S48_RS05670,,581.8653704,322.7825029,970.4896716,1.398168855,1.591357661,0.534996313,2.974520798,0.002934466,0.009639395,,,,,,,,,,,,,,,,
J2S48_RS10660,K,1450.986681,865.8012796,2328.764784,1.273460757,1.4292947,0.481222969,2.970129842,0.002976739,0.009750106,"COG1309@1|root,COG1309@2|Bacteria,2GJHD@201174|Actinobacteria",transcriptional regulator,,-,-,-,-,-,-,-,-,-,-,-,-,"TetR_C_11,TetR_N"
J2S48_RS15715,,204.1331313,120.5076448,329.5713609,1.289745827,1.451840194,0.489253377,2.967460752,0.003002706,0.00982573,,,,,,,,,,,,,,,,
J2S48_RS11500,S,191.4953239,83.82556259,352.9999658,1.737222526,2.057313356,0.695372834,2.958575968,0.003090641,0.010046053,"COG3179@1|root,COG3179@2|Bacteria,2GJQ2@201174|Actinobacteria,4F5BM@85017|Promicromonosporaceae",Chitinase class I,,-,-,3.2.1.14,"ko:K01183,ko:K03791","ko00520,ko01100,map00520,map01100",-,"R01206,R02334",RC00467,"ko00000,ko00001,ko01000",-,"GH18,GH19",-,"CBM_5_12,Glyco_hydro_19,Ricin_B_lectin"
J2S48_RS04050,K,520.8283225,305.6176648,843.6443091,1.305420949,1.474006002,0.499080775,2.953441757,0.003142519,0.010195264,"COG1414@1|root,COG1414@2|Bacteria,2GJUA@201174|Actinobacteria,4F5GY@85017|Promicromonosporaceae",Bacterial transcriptional regulator,,iclR,-,-,ko:K13641,-,-,-,-,"ko00000,ko03000",-,-,-,"HTH_IclR,IclR"
J2S48_RS07995,U,255.1907936,116.9020583,462.6238966,1.674830189,1.971199589,0.66768158,2.952304885,0.003154113,0.010213462,"COG1826@1|root,COG1826@2|Bacteria,2IR0U@201174|Actinobacteria,4F4UT@85017|Promicromonosporaceae","Part of the twin-arginine translocation (Tat) system that transports large folded proteins containing a characteristic twin-arginine motif in their signal peptide across membranes. Together with TatC, TatB is part of a receptor directly interacting with Tat signal peptides. TatB may form an oligomeric binding site that transiently accommodates folded Tat precursor proteins before their translocation",,tatB,"GO:0008150,GO:0040007",-,ko:K03117,"ko03060,ko03070,map03060,map03070",M00336,-,-,"ko00000,ko00001,ko00002,ko02044",2.A.64,-,-,MttA_Hcf106
J2S48_RS25865,,684.8172916,461.1373836,1020.337154,1.047432688,1.145884321,0.388124085,2.952365921,0.00315349,0.010213462,,,,,,,,,,,,,,,,
J2S48_RS09125,C,850.8107779,575.6163619,1263.602402,1.036089838,1.131107753,0.384004867,2.945555776,0.00322375,0.010392465,"COG1529@1|root,COG1529@2|Bacteria,2GIVI@201174|Actinobacteria","aldehyde oxidase and xanthine dehydrogenase, a b hammerhead",,-,-,1.17.1.4,ko:K11177,"ko00230,ko01100,ko01120,map00230,map01100,map01120",M00546,"R01768,R02103",RC00143,"ko00000,ko00001,ko00002,ko01000",-,-,-,"Ald_Xan_dh_C,Ald_Xan_dh_C2"
J2S48_RS12000,-,8249.374515,4796.057243,13429.35042,1.31214527,1.486290628,0.50460176,2.945472537,0.003224618,0.010392465,"2F1VM@1|root,33UVF@2|Bacteria,2IN91@201174|Actinobacteria,4F4IR@85017|Promicromonosporaceae",-,,-,-,-,-,-,-,-,-,-,-,-,-,-
J2S48_RS14155,L,3520.923759,2279.116051,5383.635321,1.121192187,1.239314431,0.423493948,2.926404113,0.003429052,0.010917308,"COG0494@1|root,COG0494@2|Bacteria,2GWEB@201174|Actinobacteria,4F4H5@85017|Promicromonosporaceae",NUDIX domain,,mutT4,-,-,-,-,-,-,-,-,-,-,-,NUDIX
J2S48_RS08615,O,241.9787177,126.6001624,415.0465507,1.498991897,1.74081273,0.596046128,2.920600686,0.003493573,0.011102015,"COG2304@1|root,COG2304@2|Bacteria,2GKDC@201174|Actinobacteria",Von Willebrand factor type A,,-,-,-,ko:K07114,-,-,-,-,"ko00000,ko02000","1.A.13.2.2,1.A.13.2.3",-,-,"DUF3520,VWA,vWF_A"
J2S48_RS06780,,129.2047626,26.30451011,283.5551414,2.69128511,3.523086283,1.209075559,2.913867753,0.003569811,0.011293411,,,,,,,,,,,,,,,,
J2S48_RS04590,S,1497.278122,1022.451704,2209.51775,1.016014027,1.108804976,0.380977803,2.910418839,0.003609447,0.011406521,"COG0457@1|root,COG0457@2|Bacteria,2I79P@201174|Actinobacteria",Sulfotransferase family,,-,-,-,-,-,-,-,-,-,-,-,-,Sulfotransfer_3
J2S48_RS08465,E,528.7521912,314.4748655,850.1681797,1.279584072,1.447327731,0.498180433,2.905227974,0.003669857,0.011586699,"COG0346@1|root,COG0346@2|Bacteria,2GMTB@201174|Actinobacteria,4FVTP@85025|Nocardiaceae",lactoylglutathione lyase activity,,-,-,-,-,-,-,-,-,-,-,-,-,-
J2S48_RS21740,S,655.32771,438.9072775,979.9583589,1.062023292,1.168168954,0.403274866,2.896706573,0.003771023,0.011873156,"COG2018@1|root,COG2018@2|Bacteria,2IFB7@201174|Actinobacteria,4F4BE@85017|Promicromonosporaceae",Roadblock/LC7 domain,,cvnB6,-,-,ko:K07131,-,-,-,-,ko00000,-,-,-,Robl_LC7
J2S48_RS11595,K,365.2821943,237.3634029,557.1603815,1.118541799,1.240516758,0.429395643,2.888983105,0.003864898,0.012112854,"COG1846@1|root,COG1846@2|Bacteria,2IQFP@201174|Actinobacteria,4F519@85017|Promicromonosporaceae",Winged helix DNA-binding domain,,-,-,-,-,-,-,-,-,-,-,-,-,"MarR,MarR_2"
J2S48_RS16255,C,6507.974111,4160.835551,10028.68195,1.137267245,1.268590254,0.439707762,2.88507587,0.003913193,0.012230521,"COG0221@1|root,COG0221@2|Bacteria,2GM7F@201174|Actinobacteria,4F3X9@85017|Promicromonosporaceae",Catalyzes the hydrolysis of inorganic pyrophosphate (PPi) forming two phosphate ions,,ppa,"GO:0000287,GO:0003674,GO:0003824,GO:0004427,GO:0005488,GO:0005575,GO:0005622,GO:0005623,GO:0005737,GO:0005829,GO:0005886,GO:0006793,GO:0006796,GO:0008150,GO:0008152,GO:0009987,GO:0016020,GO:0016462,GO:0016787,GO:0016817,GO:0016818,GO:0043167,GO:0043169,GO:0044237,GO:0044424,GO:0044444,GO:0044464,GO:0046872,GO:0071944",3.6.1.1,ko:K01507,"ko00190,map00190",-,-,-,"ko00000,ko00001,ko01000",-,-,iNJ661.Rv3628,Pyrophosphatase
J2S48_RS05100,-,2204.798529,1254.272983,3630.586848,1.340884321,1.531793947,0.533146552,2.873119862,0.004064399,0.012656746,"2BDD1@1|root,3271X@2|Bacteria,2IFV9@201174|Actinobacteria",-,,-,-,-,-,-,-,-,-,-,-,-,-,-
J2S48_RS02335,J,238.3768508,33.7063405,545.3826163,2.996097358,4.005029682,1.395999053,2.868934384,0.004118572,0.0127672,"COG0257@1|root,COG0257@2|Bacteria,2HZU1@201174|Actinobacteria,4F5VX@85017|Promicromonosporaceae",Ribosomal protein L36,,-,-,-,-,-,-,-,-,-,-,-,-,Ribosomal_L36
J2S48_RS13130,EGP,286.0867973,186.0172795,436.191074,1.113330123,1.236436345,0.431626049,2.864600847,0.004175352,0.012917618,"COG0477@1|root,COG0477@2|Bacteria,2IIAH@201174|Actinobacteria",Major facilitator superfamily,,-,-,-,-,-,-,-,-,-,-,-,-,"MFS_1,Sugar_tr"
J2S48_RS00025,G,158.7174514,65.69066488,298.2576311,1.796601959,2.179970141,0.763216026,2.856295029,0.004286167,0.013214712,"COG1175@1|root,COG1175@2|Bacteria,2IB4V@201174|Actinobacteria,4F574@85017|Promicromonosporaceae",Binding-protein-dependent transport system inner membrane component,,-,-,-,ko:K17235,"ko02010,map02010",M00602,-,-,"ko00000,ko00001,ko00002,ko02000",3.A.1.1.34,-,-,BPD_transp_1
J2S48_RS12835,P,310.8719009,158.2013311,539.8777556,1.507549376,1.765649297,0.618652705,2.854023399,0.004316935,0.013285572,"COG0607@1|root,COG0607@2|Bacteria,2IIWA@201174|Actinobacteria,4F5QM@85017|Promicromonosporaceae",Rhodanese Homology Domain,,-,-,-,-,-,-,-,-,-,-,-,-,Rhodanese
J2S48_RS16895,P,19.90037751,1.916956677,46.87550876,3.361107241,4.970433245,1.742837368,2.851920285,0.0043456,0.013337708,"COG4608@1|root,COG4608@2|Bacteria,2IBD7@201174|Actinobacteria,4F56Z@85017|Promicromonosporaceae","Oligopeptide/dipeptide transporter, C-terminal region",,-,-,-,ko:K02032,"ko02024,map02024",M00239,-,-,"ko00000,ko00001,ko00002,ko02000",3.A.1.5,-,-,"ABC_tran,oligo_HPY"
J2S48_RS21425,IQ,4819.030547,2785.255178,7869.693601,1.316987445,1.497059584,0.526594791,2.842906176,0.004470423,0.013671643,"COG0236@1|root,COG0236@2|Bacteria,2IQ43@201174|Actinobacteria,4F4VB@85017|Promicromonosporaceae",Carrier of the growing fatty acid chain in fatty acid biosynthesis,,acpP,"GO:0000035,GO:0000036,GO:0003674,GO:0005488,GO:0005575,GO:0005618,GO:0005622,GO:0005623,GO:0005737,GO:0005829,GO:0005886,GO:0005975,GO:0006082,GO:0006139,GO:0006163,GO:0006629,GO:0006631,GO:0006633,GO:0006637,GO:0006643,GO:0006644,GO:0006664,GO:0006725,GO:0006732,GO:0006753,GO:0006790,GO:0006793,GO:0006796,GO:0006807,GO:0008150,GO:0008152,GO:0008610,GO:0008654,GO:0009058,GO:0009117,GO:0009150,GO:0009245,GO:0009247,GO:0009259,GO:0009311,GO:0009312,GO:0009987,GO:0016020,GO:0016051,GO:0016053,GO:0019637,GO:0019693,GO:0019752,GO:0019842,GO:0030312,GO:0031177,GO:0032787,GO:0033218,GO:0033865,GO:0033875,GO:0034032,GO:0034641,GO:0035383,GO:0036094,GO:0040007,GO:0043167,GO:0043168,GO:0043436,GO:0043603,GO:0044237,GO:0044238,GO:0044249,GO:0044255,GO:0044281,GO:0044283,GO:0044424,GO:0044444,GO:0044464,GO:0044620,GO:0046394,GO:0046467,GO:0046483,GO:0046493,GO:0048037,GO:0051186,GO:0051192,GO:0055086,GO:0071704,GO:0071944,GO:0072330,GO:0072341,GO:0072521,GO:0090407,GO:0140104,GO:1901135,GO:1901137,GO:1901269,GO:1901271,GO:1901360,GO:1901564,GO:1901576,GO:1903509",-,ko:K02078,-,-,-,-,"ko00000,ko00001",-,-,-,PP-binding
J2S48_RS19860,H,764.4505327,504.3950221,1154.533799,1.081689252,1.199679561,0.423974909,2.829600376,0.004660618,0.0142024,"COG0611@1|root,COG0611@2|Bacteria,2GP6E@201174|Actinobacteria,4F3R3@85017|Promicromonosporaceae","Catalyzes the ATP-dependent phosphorylation of thiamine- monophosphate (TMP) to form thiamine-pyrophosphate (TPP), the active form of vitamin B1",,thiL,"GO:0008150,GO:0040007",2.7.4.16,ko:K00946,"ko00730,ko01100,map00730,map01100",M00127,R00617,RC00002,"ko00000,ko00001,ko00002,ko01000",-,-,iNJ661.Rv2977c,"AIRS,AIRS_C"
J2S48_RS04495,K,1426.453197,843.7606262,2300.492053,1.275275777,1.452713758,0.515612576,2.817452147,0.004840633,0.014690777,"COG1309@1|root,COG1309@2|Bacteria,2I8DN@201174|Actinobacteria,4F50Q@85017|Promicromonosporaceae","BetI-type transcriptional repressor, C-terminal",,-,-,-,-,-,-,-,-,-,-,-,-,"TetR_C_6,TetR_N"
J2S48_RS19445,S,2719.674837,1851.759653,4021.547612,1.013442599,1.119676268,0.399695479,2.801323322,0.00508935,0.015368146,"COG3428@1|root,COG3428@2|Bacteria,2IA1C@201174|Actinobacteria,4F4KV@85017|Promicromonosporaceae",Bacterial PH domain,,-,-,-,-,-,-,-,-,-,-,-,-,bPH_2
J2S48_RS21980,S,37344.8514,23372.48819,58303.39622,1.175824335,1.318653111,0.470760713,2.801111214,0.005092696,0.015368146,"COG0316@1|root,COG0316@2|Bacteria,2IHR0@201174|Actinobacteria,4F4KT@85017|Promicromonosporaceae",Iron-sulphur cluster biosynthesis,,iscA,"GO:0003674,GO:0005488,GO:0005506,GO:0005575,GO:0005622,GO:0005623,GO:0005737,GO:0005829,GO:0005886,GO:0006790,GO:0006807,GO:0008150,GO:0008152,GO:0009987,GO:0010467,GO:0016020,GO:0016043,GO:0016226,GO:0019538,GO:0022607,GO:0031163,GO:0043167,GO:0043169,GO:0043170,GO:0044085,GO:0044237,GO:0044238,GO:0044424,GO:0044444,GO:0044464,GO:0046872,GO:0046914,GO:0048037,GO:0051186,GO:0051536,GO:0051537,GO:0051539,GO:0051540,GO:0051604,GO:0071704,GO:0071840,GO:0071944,GO:1901564",-,ko:K13628,-,-,-,-,"ko00000,ko03016",-,-,-,Fe-S_biosyn
J2S48_RS01950,S,231.7034949,139.4235938,370.1233465,1.242635714,1.415924775,0.507359503,2.790772158,0.005258247,0.01580763,"COG3012@1|root,COG3012@2|Bacteria,2IQEM@201174|Actinobacteria,4F4MN@85017|Promicromonosporaceae",SEC-C motif,,ychJ,-,-,ko:K09858,-,-,-,-,ko00000,-,-,-,SEC-C
J2S48_RS14220,K,16033.33479,9126.90115,26392.98526,1.329976067,1.532128071,0.550795365,2.781664786,0.005408087,0.016134441,"COG1595@1|root,COG1595@2|Bacteria,2I0U3@201174|Actinobacteria,4F5Y4@85017|Promicromonosporaceae","DNA-templated transcription, initiation",,-,-,-,-,-,-,-,-,-,-,-,-,-
J2S48_RS04615,E,23.43993124,1.062703067,57.00577351,3.777422738,5.377226532,1.938188236,2.774357223,0.005531091,0.016443913,"COG0346@1|root,COG0346@2|Bacteria,2IKP7@201174|Actinobacteria,4E5W8@85010|Pseudonocardiales",Glyoxalase/Bleomycin resistance protein/Dioxygenase superfamily,,-,-,-,-,-,-,-,-,-,-,-,-,Glyoxalase
J2S48_RS15225,,34.74822565,5.008780387,79.35739354,2.872027764,3.962847023,1.428292695,2.774534266,0.005528081,0.016443913,,,,,,,,,,,,,,,,
J2S48_RS11540,G,273.8936916,156.9662717,449.2848215,1.306833656,1.505708239,0.543806425,2.768831277,0.005625776,0.016696325,"COG1653@1|root,COG1653@2|Bacteria,2GK12@201174|Actinobacteria,4F46F@85017|Promicromonosporaceae",PFAM extracellular solute-binding protein family 1,,-,-,-,ko:K02027,-,M00207,-,-,"ko00000,ko00002,ko02000",3.A.1.1,-,-,"SBP_bac_1,SBP_bac_8"
J2S48_RS13730,G,3070.823727,1641.684207,5214.533006,1.422913455,1.664954119,0.603424116,2.759177294,0.005794709,0.017108426,"COG0395@1|root,COG0395@2|Bacteria,2GJ5X@201174|Actinobacteria,4F5FC@85017|Promicromonosporaceae",Binding-protein-dependent transport system inner membrane component,,-,-,-,"ko:K02026,ko:K10119","ko02010,map02010","M00196,M00207",-,-,"ko00000,ko00001,ko00002,ko02000","3.A.1.1,3.A.1.1.28",-,-,BPD_transp_1
J2S48_RS23890,Q,418.3976811,138.2475867,838.6228227,2.023277931,2.583817216,0.944128467,2.736722073,0.00620547,0.018158287,"COG2132@1|root,COG2132@2|Bacteria,2I0J6@201174|Actinobacteria,4F3M4@85017|Promicromonosporaceae",Multicopper oxidase,,-,-,-,-,-,-,-,-,-,-,-,-,"Cu-oxidase_2,Cu-oxidase_3"
J2S48_RS05295,K,1655.453157,946.3657918,2719.084204,1.31036131,1.519297039,0.556184768,2.731640863,0.006301979,0.01838822,"COG0347@1|root,COG0347@2|Bacteria,2IKN1@201174|Actinobacteria,4F4NB@85017|Promicromonosporaceae",Nitrogen regulatory protein P-II,,glnB,"GO:0000166,GO:0003674,GO:0005488,GO:0005524,GO:0005575,GO:0005623,GO:0005886,GO:0008144,GO:0008150,GO:0016020,GO:0017076,GO:0030554,GO:0032553,GO:0032555,GO:0032559,GO:0035639,GO:0036094,GO:0040007,GO:0043167,GO:0043168,GO:0043531,GO:0044110,GO:0044116,GO:0044117,GO:0044119,GO:0044403,GO:0044419,GO:0044464,GO:0051704,GO:0071944,GO:0097159,GO:0097367,GO:1901265,GO:1901363",-,ko:K04751,"ko02020,map02020",-,-,-,"ko00000,ko00001",-,-,-,P-II
J2S48_RS17610,EG,22.87148964,1.097345219,55.53270627,3.633633533,5.409838686,1.985853441,2.724188289,0.006445975,0.018723499,"COG0697@1|root,COG0697@2|Bacteria,2GNSA@201174|Actinobacteria,4F5G4@85017|Promicromonosporaceae",EamA-like transporter family,,-,-,-,-,-,-,-,-,-,-,-,-,EamA
J2S48_RS08285,S,2540.009897,1727.315059,3759.052154,1.011703139,1.120797046,0.412582703,2.716539105,0.00659684,0.019086844,"2DPEU@1|root,331SS@2|Bacteria,2GJT8@201174|Actinobacteria",Golgi phosphoprotein 3 (GPP34),,-,-,-,-,-,-,-,-,-,-,-,-,GPP34
J2S48_RS25890,KLT,303.8200893,185.797129,480.8545298,1.197362483,1.365389705,0.502641329,2.716429441,0.006599026,0.019086844,"COG0515@1|root,COG0515@2|Bacteria,2GK85@201174|Actinobacteria",serine threonine protein kinase,,-,-,-,-,-,-,-,-,-,-,-,-,-
J2S48_RS12940,,675.0804733,457.0146502,1002.179208,1.015597962,1.125637999,0.415229818,2.710879492,0.006710501,0.019388929,,,,,,,,,,,,,,,,
J2S48_RS04345,G,364.7252937,153.3561706,681.7789784,1.730069392,2.147514396,0.796714765,2.695462027,0.007029109,0.020159957,"COG3469@1|root,COG3469@2|Bacteria,2GJH0@201174|Actinobacteria",Belongs to the glycosyl hydrolase 18 family,,-,-,-,-,-,-,-,-,-,-,-,-,"CBM_4_9,Glyco_hydro_18"
J2S48_RS07440,S,353.1142252,133.7229866,682.2010832,1.859704617,2.353857093,0.873467746,2.694841456,0.007042213,0.020175633,"2CAFG@1|root,32RRB@2|Bacteria,2IQ98@201174|Actinobacteria,4F4VP@85017|Promicromonosporaceae",Protein of unknown function (DUF3039),,-,-,-,-,-,-,-,-,-,-,-,-,DUF3039
J2S48_RS19120,S,668.9828957,455.7616466,988.8147695,1.005484332,1.114660317,0.41400197,2.692403413,0.007093908,0.020277645,"COG4405@1|root,COG4405@2|Bacteria,2IKQP@201174|Actinobacteria,4F4M3@85017|Promicromonosporaceae",ASCH,,-,-,-,-,-,-,-,-,-,-,-,-,ASCH
J2S48_RS04850,I,1337.816939,626.2842432,2405.115983,1.592951018,1.93756977,0.722469545,2.681870513,0.007321179,0.02084002,"COG0558@1|root,COG0558@2|Bacteria,2GK5D@201174|Actinobacteria,4F4DA@85017|Promicromonosporaceae",CDP-alcohol phosphatidyltransferase,,pgsA,"GO:0003674,GO:0003824,GO:0005575,GO:0005618,GO:0005623,GO:0006629,GO:0006644,GO:0006650,GO:0006793,GO:0006796,GO:0008150,GO:0008152,GO:0008444,GO:0008610,GO:0008654,GO:0009058,GO:0009987,GO:0016740,GO:0016772,GO:0016780,GO:0017169,GO:0019637,GO:0030312,GO:0040007,GO:0044237,GO:0044238,GO:0044249,GO:0044255,GO:0044464,GO:0045017,GO:0046474,GO:0046486,GO:0071704,GO:0071944,GO:0090407,GO:1901576","2.7.8.41,2.7.8.5","ko:K00995,ko:K08744","ko00564,ko01100,map00564,map01100",-,"R01801,R02030","RC00002,RC00017,RC02795","ko00000,ko00001,ko01000",-,-,-,CDP-OH_P_transf
J2S48_RS22295,S,1521.391154,949.8278191,2378.736156,1.165784647,1.328383555,0.496734334,2.674233415,0.00749003,0.021285156,"2E1T6@1|root,32X32@2|Bacteria,2IR1W@201174|Actinobacteria,4F4VK@85017|Promicromonosporaceae",Domain of unknown function (DUF4430),,-,-,-,-,-,-,-,-,-,-,-,-,DUF4430
J2S48_RS20980,F,1187.868863,807.5736158,1758.311734,1.011882502,1.127290932,0.424690678,2.654381156,0.007945402,0.022448392,"COG0232@1|root,COG0232@2|Bacteria,2GJ8F@201174|Actinobacteria,4F3ER@85017|Promicromonosporaceae",Belongs to the dGTPase family. Type 2 subfamily,,dgt,"GO:0003674,GO:0003824,GO:0005575,GO:0005623,GO:0005886,GO:0006139,GO:0006163,GO:0006195,GO:0006203,GO:0006725,GO:0006753,GO:0006793,GO:0006796,GO:0006807,GO:0008150,GO:0008152,GO:0008832,GO:0009056,GO:0009058,GO:0009117,GO:0009141,GO:0009143,GO:0009144,GO:0009146,GO:0009151,GO:0009155,GO:0009166,GO:0009200,GO:0009204,GO:0009215,GO:0009217,GO:0009262,GO:0009264,GO:0009394,GO:0009987,GO:0016020,GO:0016787,GO:0016788,GO:0016793,GO:0018130,GO:0019438,GO:0019439,GO:0019637,GO:0019692,GO:0034404,GO:0034641,GO:0034654,GO:0034655,GO:0042578,GO:0044237,GO:0044238,GO:0044248,GO:0044249,GO:0044270,GO:0044271,GO:0044281,GO:0044283,GO:0044464,GO:0046070,GO:0046386,GO:0046434,GO:0046483,GO:0046700,GO:0055086,GO:0071704,GO:0071944,GO:0072521,GO:0072523,GO:1901135,GO:1901136,GO:1901292,GO:1901360,GO:1901361,GO:1901362,GO:1901564,GO:1901565,GO:1901575,GO:1901576",3.1.5.1,ko:K01129,"ko00230,map00230",-,R01856,RC00017,"ko00000,ko00001,ko01000",-,-,-,"HD,HD_assoc"
J2S48_RS12645,E,614.7736658,405.0825566,929.3103297,1.061867389,1.193730969,0.450569621,2.649381834,0.008063917,0.022745576,"COG0520@1|root,COG0520@2|Bacteria,2GMIC@201174|Actinobacteria,4F483@85017|Promicromonosporaceae",Aminotransferase class-V,,-,-,-,-,-,-,-,-,-,-,-,-,Aminotran_5
J2S48_RS18260,P,846.4542606,483.6731948,1390.625859,1.295864571,1.516349465,0.573621042,2.643469041,0.008206127,0.023070438,"COG1226@1|root,COG4651@1|root,COG1226@2|Bacteria,COG4651@2|Bacteria,2I8V5@201174|Actinobacteria,4F5AA@85017|Promicromonosporaceae",Sodium/hydrogen exchanger family,,kefB,-,-,-,-,-,-,-,-,-,-,-,"Na_H_Exchanger,TrkA_N"
J2S48_RS18875,Q,178.6217589,26.60711669,406.6437221,2.701168264,4.010252838,1.518857863,2.640308179,0.008283067,0.023267578,"COG2124@1|root,COG2124@2|Bacteria,2GJKV@201174|Actinobacteria",Belongs to the cytochrome P450 family,,-,-,-,-,-,-,-,-,-,-,-,-,p450
J2S48_RS04475,EP,45.14333781,5.773454189,104.1981632,2.738024264,4.425819082,1.687518415,2.622678984,0.008724143,0.024326389,"COG0601@1|root,COG0601@2|Bacteria,2GM72@201174|Actinobacteria,4F3N0@85017|Promicromonosporaceae",Binding-protein-dependent transport system inner membrane component,,-,-,-,ko:K02033,"ko02024,map02024",M00239,-,-,"ko00000,ko00001,ko00002,ko02000",3.A.1.5,-,-,BPD_transp_1
J2S48_RS17855,K,782.8000715,520.9912325,1175.51333,1.035776046,1.165141388,0.448985872,2.595051336,0.009457679,0.026094631,"2DMIE@1|root,32RSG@2|Bacteria,2IQCG@201174|Actinobacteria,4F4R6@85017|Promicromonosporaceae",Acts as a transcriptional regulator. Probably redox- responsive. The apo- but not holo-form probably binds DNA,,whiB,"GO:0000302,GO:0003674,GO:0003676,GO:0003677,GO:0003824,GO:0005488,GO:0006355,GO:0006950,GO:0006979,GO:0008150,GO:0008152,GO:0009889,GO:0009890,GO:0009892,GO:0010035,GO:0010468,GO:0010556,GO:0010558,GO:0010605,GO:0010629,GO:0015035,GO:0015036,GO:0016491,GO:0016651,GO:0016667,GO:0016668,GO:0019219,GO:0019222,GO:0031323,GO:0031324,GO:0031326,GO:0031327,GO:0042221,GO:0042493,GO:0045892,GO:0045934,GO:0047134,GO:0048037,GO:0048519,GO:0048523,GO:0050789,GO:0050794,GO:0050896,GO:0051171,GO:0051172,GO:0051252,GO:0051253,GO:0051536,GO:0051539,GO:0051540,GO:0055114,GO:0060255,GO:0065007,GO:0071731,GO:0080090,GO:0097159,GO:0097366,GO:1901363,GO:1901698,GO:1901700,GO:1902679,GO:1903506,GO:1903507,GO:2000112,GO:2000113,GO:2001141",-,ko:K18955,-,-,-,-,"ko00000,ko03000",-,-,-,Whib
J2S48_RS07260,C,1193.453404,812.1442483,1765.417138,1.005635713,1.126107163,0.437078616,2.576440764,0.009982331,0.027398987,"COG1526@1|root,COG1526@2|Bacteria,2GKWC@201174|Actinobacteria,4EGK7@85012|Streptosporangiales",Required for formate dehydrogenase (FDH) activity. Acts as a sulfur carrier protein that transfers sulfur from IscS to the molybdenum cofactor prior to its insertion into FDH,,fdhD,-,-,ko:K02379,-,-,-,-,ko00000,-,-,-,FdhD-NarQ
J2S48_RS15035,F,662.761244,448.1164207,984.7284791,1.006704297,1.130283413,0.439702203,2.570565724,0.010153256,0.027833785,"COG0717@1|root,COG0717@2|Bacteria,2GKQQ@201174|Actinobacteria,4F3FX@85017|Promicromonosporaceae",2'-deoxycytidine 5'-triphosphate deaminase (DCD),,dcd,"GO:0003674,GO:0003824,GO:0004170,GO:0016462,GO:0016787,GO:0016810,GO:0016814,GO:0016817,GO:0016818,GO:0019239,GO:0033973,GO:0047429",3.5.4.13,ko:K01494,"ko00240,ko01100,map00240,map01100",M00053,"R00568,R02325",RC00074,"ko00000,ko00001,ko00002,ko01000",-,-,-,DCD
J2S48_RS13865,S,6961.041952,4294.625477,10960.66666,1.174569106,1.35252815,0.526307792,2.569842534,0.010174475,0.027869569,"2DM0Y@1|root,318KY@2|Bacteria,2IMIX@201174|Actinobacteria,4F4NJ@85017|Promicromonosporaceae",Domain of unknown function (DUF1992),,-,-,-,-,-,-,-,-,-,-,-,-,DUF1992
J2S48_RS26535,K,750.3361997,476.7467801,1160.720329,1.128539675,1.294930291,0.504042011,2.569091988,0.010196539,0.027907607,"COG1609@1|root,COG1609@2|Bacteria,2GJRG@201174|Actinobacteria",Periplasmic binding protein LacI transcriptional regulator,,-,-,-,ko:K02529,-,-,-,-,"ko00000,ko03000",-,-,-,"LacI,Peripla_BP_3"
J2S48_RS11730,G,57.76734364,12.99493186,124.9259613,2.267705011,3.173929049,1.2368426,2.566154375,0.010283305,0.028122532,"COG1172@1|root,COG1172@2|Bacteria,2GM2F@201174|Actinobacteria,4F5C5@85017|Promicromonosporaceae",Branched-chain amino acid transport system / permease component,,rhaQ,-,-,ko:K10561,"ko02010,map02010",M00220,-,-,"ko00000,ko00001,ko00002,ko02000",3.A.1.2.9,-,-,BPD_transp_2
J2S48_RS04755,J,820.7050821,547.8127821,1230.043532,1.03852607,1.17567795,0.460311122,2.554094165,0.010646446,0.028907176,"COG2813@1|root,COG2813@2|Bacteria,2IFG7@201174|Actinobacteria,4F43C@85017|Promicromonosporaceae",Putative methyltransferase,,rsmC,-,2.1.1.172,ko:K00564,-,-,R07234,RC00003,"ko00000,ko01000,ko03009",-,-,-,MTS
J2S48_RS10085,O,83330.65089,48851.76193,135048.9843,1.246240594,1.466935722,0.577300403,2.541026671,0.011052749,0.029938914,"COG0234@1|root,COG0234@2|Bacteria,2IKTH@201174|Actinobacteria,4F4MF@85017|Promicromonosporaceae",Binds to Cpn60 in the presence of Mg-ATP and suppresses the ATPase activity of the latter,,groS,"GO:0003674,GO:0005488,GO:0005515,GO:0005575,GO:0005576,GO:0005618,GO:0005622,GO:0005623,GO:0005737,GO:0005829,GO:0005886,GO:0006355,GO:0006457,GO:0006458,GO:0006950,GO:0006986,GO:0008150,GO:0009266,GO:0009408,GO:0009628,GO:0009889,GO:0009987,GO:0010033,GO:0010468,GO:0010556,GO:0016020,GO:0019219,GO:0019222,GO:0019899,GO:0030312,GO:0031323,GO:0031326,GO:0033554,GO:0034605,GO:0035375,GO:0035966,GO:0040007,GO:0042221,GO:0043167,GO:0043169,GO:0044424,GO:0044444,GO:0044464,GO:0046677,GO:0046872,GO:0050789,GO:0050794,GO:0050896,GO:0051082,GO:0051084,GO:0051085,GO:0051087,GO:0051171,GO:0051252,GO:0051716,GO:0060255,GO:0061077,GO:0065007,GO:0071944,GO:0080090,GO:1903506,GO:2000112,GO:2001141",-,ko:K04078,-,-,-,-,"ko00000,ko03029,ko03110",-,-,-,Cpn10
J2S48_RS01450,K,823.4517193,486.5120153,1328.861275,1.233599618,1.455963398,0.574766006,2.533141108,0.011304544,0.030475835,"COG0640@1|root,COG0640@2|Bacteria,2IKUI@201174|Actinobacteria,4F5YF@85017|Promicromonosporaceae","helix_turn_helix, Arsenical Resistance Operon Repressor",,-,-,-,-,-,-,-,-,-,-,-,-,HTH_5
J2S48_RS11180,G,440.6859945,259.9679646,711.7630394,1.2252165,1.440243981,0.56884417,2.531877898,0.011345349,0.030513535,"COG0395@1|root,COG0395@2|Bacteria,2GJPZ@201174|Actinobacteria",Binding-protein-dependent transport systems inner membrane component,,-,-,-,ko:K02026,-,M00207,-,-,"ko00000,ko00002,ko02000",3.A.1.1,-,-,BPD_transp_1
J2S48_RS26370,,98.27469809,38.95260237,187.2578417,1.732548912,2.270038948,0.901254539,2.518754523,0.011777073,0.031550354,,,,,,,,,,,,,,,,
J2S48_RS12560,G,459.7757876,291.3703193,712.3839902,1.109097917,1.282197719,0.512231661,2.503159834,0.012308994,0.032616923,"COG2273@1|root,COG2273@2|Bacteria,2GJQP@201174|Actinobacteria,4DQHG@85009|Propionibacteriales",Glycosyl hydrolases family 16,,-,-,-,-,-,-,-,-,-,-,-,-,"Glyco_hydro_16,RicinB_lectin_2,Ricin_B_lectin"
J2S48_RS05300,P,3948.385294,2208.596236,6558.06888,1.304271547,1.568609588,0.63294644,2.478265916,0.013202271,0.034607796,"COG0004@1|root,COG0004@2|Bacteria,2GIZK@201174|Actinobacteria,4F1S2@85016|Cellulomonadaceae",Ammonium Transporter Family,,amt,-,-,ko:K03320,-,-,-,-,"ko00000,ko02000",1.A.11,-,-,Ammonium_transp
J2S48_RS11440,,50.68268061,14.55068411,104.8806754,2.014317682,2.947683746,1.19905694,2.458335085,0.013958287,0.036200329,,,,,,,,,,,,,,,,
J2S48_RS12140,S,379.7723063,143.8744941,733.6190246,1.734143842,2.334573226,0.960349292,2.430962614,0.015058768,0.038701488,"2DQMW@1|root,337PH@2|Bacteria",Interferon-induced transmembrane protein,,-,-,-,-,-,-,-,-,-,-,-,-,CD225
J2S48_RS21975,,173.7648676,101.6264982,281.9724215,1.226295015,1.479760337,0.615318287,2.404869752,0.016178231,0.041053012,,,,,,,,,,,,,,,,
J2S48_RS04150,E,452.5477956,231.0023689,784.8659357,1.405312085,1.77205544,0.737344781,2.40329285,0.01624817,0.041199854,"COG1364@1|root,COG1364@2|Bacteria,2GIW0@201174|Actinobacteria,4F3HY@85017|Promicromonosporaceae","Catalyzes two activities which are involved in the cyclic version of arginine biosynthesis the synthesis of N- acetylglutamate from glutamate and acetyl-CoA as the acetyl donor, and of ornithine by transacetylation between N(2)-acetylornithine and glutamate",,argJ,"GO:0003674,GO:0003824,GO:0004042,GO:0004358,GO:0005575,GO:0005622,GO:0005623,GO:0005737,GO:0006082,GO:0006520,GO:0006525,GO:0006526,GO:0006591,GO:0006592,GO:0006807,GO:0008080,GO:0008150,GO:0008152,GO:0008652,GO:0009058,GO:0009064,GO:0009084,GO:0009987,GO:0016053,GO:0016407,GO:0016410,GO:0016740,GO:0016746,GO:0016747,GO:0019752,GO:0040007,GO:0043436,GO:0044237,GO:0044238,GO:0044249,GO:0044281,GO:0044283,GO:0044424,GO:0044464,GO:0046394,GO:0071704,GO:1901564,GO:1901566,GO:1901576,GO:1901605,GO:1901607","2.3.1.1,2.3.1.35",ko:K00620,"ko00220,ko01100,ko01110,ko01130,ko01210,ko01230,map00220,map01100,map01110,map01130,map01210,map01230",M00028,"R00259,R02282","RC00004,RC00064","ko00000,ko00001,ko00002,ko01000",-,-,-,ArgJ
J2S48_RS08425,-,451.1603271,174.9675002,865.4495674,1.697072112,2.307354734,0.961446419,2.399878649,0.016400508,0.041462914,"2DQB0@1|root,335QU@2|Bacteria,2IJR1@201174|Actinobacteria",-,,-,-,-,-,-,-,-,-,-,-,-,-,-
J2S48_RS25060,K,822.5970106,534.0016411,1255.490065,1.065741873,1.240254707,0.519108496,2.389201327,0.016885047,0.04253038,"COG1481@1|root,COG1481@2|Bacteria,2GJZU@201174|Actinobacteria,4F3AJ@85017|Promicromonosporaceae",May be required for sporulation,,whiA,"GO:0005575,GO:0005618,GO:0005623,GO:0005886,GO:0008150,GO:0016020,GO:0030312,GO:0043937,GO:0044464,GO:0050789,GO:0050793,GO:0065007,GO:0071944",-,ko:K09762,-,-,-,-,ko00000,-,-,-,"HTH_WhiA,LAGLIDADG_WhiA,WhiA_N"
J2S48_RS06095,H,628.7788736,395.2832425,979.0223203,1.115006278,1.312936524,0.550592379,2.384588989,0.017098212,0.042972163,"COG0452@1|root,COG0452@2|Bacteria,2GP82@201174|Actinobacteria",Flavoprotein,,-,-,-,-,-,-,-,-,-,-,-,-,Flavoprotein
J2S48_RS04275,,13.36298695,1.916956677,30.53203236,2.036242227,4.335064532,1.820825899,2.380823194,0.017274001,0.043286464,,,,,,,,,,,,,,,,
J2S48_RS14395,-,546.0507617,342.8153556,850.9038709,1.111831256,1.309084648,0.55027918,2.378946352,0.017362203,0.043411866,"2A0JU@1|root,30NQ1@2|Bacteria,2I0U6@201174|Actinobacteria,4F5YR@85017|Promicromonosporaceae",-,,-,-,-,-,-,-,-,-,-,-,-,-,-
J2S48_RS24140,,1317.703801,823.8575278,2058.473211,1.123566846,1.326514632,0.557815678,2.378051896,0.017404376,0.043453647,,,,,,,,,,,,,,,,
J2S48_RS22330,G,48.48273533,5.141996683,113.4938433,1.659910344,4.719608376,1.985616194,2.376898612,0.017458886,0.043557879,"COG1652@1|root,COG2273@1|root,COG1652@2|Bacteria,COG2273@2|Bacteria,2GKFN@201174|Actinobacteria",alpha beta,,-,-,-,-,-,-,-,-,-,-,-,-,"CBM_6,F5_F8_type_C,LysM,Malectin"
J2S48_RS08020,S,268.6782398,164.1726904,425.4365639,1.155559855,1.3816984,0.584082846,2.365586337,0.018001545,0.044748197,"2E39N@1|root,32Y97@2|Bacteria,2GQFF@201174|Actinobacteria,4F1JY@85016|Cellulomonadaceae",Protein of unknown function (DUF3117),,-,-,-,-,-,-,-,-,-,-,-,-,DUF3117
J2S48_RS19815,QT,107.1617418,22.17716298,234.6386101,2.092866401,3.435263006,1.457155281,2.357513335,0.018397794,0.045600343,"COG2508@1|root,COG2508@2|Bacteria,2HKDB@201174|Actinobacteria,4G86N@85025|Nocardiaceae",PucR C-terminal helix-turn-helix domain,,-,-,-,-,-,-,-,-,-,-,-,-,HTH_30
J2S48_RS02685,T,352.4977506,229.4070766,537.1337616,1.049353294,1.224898077,0.521899174,2.347001372,0.018925185,0.046771656,"COG1734@1|root,COG1734@2|Bacteria,2GJBE@201174|Actinobacteria,4F51V@85017|Promicromonosporaceae",Prokaryotic dksA/traR C4-type zinc finger,,-,-,-,-,-,-,-,-,-,-,-,-,zf-dskA_traR
J2S48_RS11725,G,187.0336365,107.2244712,306.7473846,1.225392387,1.494707687,0.637129875,2.34600157,0.018976028,0.046829488,"COG1879@1|root,COG1879@2|Bacteria,2I43Z@201174|Actinobacteria,4F5EN@85017|Promicromonosporaceae",Periplasmic binding protein domain,,rhaS,-,-,"ko:K02058,ko:K10559","ko02010,map02010","M00220,M00221",-,-,"ko00000,ko00001,ko00002,ko02000","3.A.1.2,3.A.1.2.9",-,-,Peripla_BP_4
J2S48_RS06440,EP,210.5792415,131.7380362,328.8410493,1.102764332,1.305143636,0.556854549,2.343778348,0.019089512,0.04704152,"COG0601@1|root,COG0601@2|Bacteria,2GM72@201174|Actinobacteria",PFAM binding-protein-dependent transport systems inner membrane component,,-,-,-,ko:K02033,"ko02024,map02024",M00239,-,-,"ko00000,ko00001,ko00002,ko02000",3.A.1.5,-,-,BPD_transp_1
J2S48_RS07655,C,54.05281944,10.57302829,119.2725062,2.080076618,3.423539378,1.473943974,2.322706588,0.02019492,0.049444234,"COG0584@1|root,COG4222@1|root,COG0584@2|Bacteria,COG4222@2|Bacteria,2GM8K@201174|Actinobacteria,4F5FI@85017|Promicromonosporaceae",Esterase-like activity of phytase,,-,-,3.1.4.46,ko:K01126,"ko00564,map00564",-,"R01030,R01470","RC00017,RC00425","ko00000,ko00001,ko01000",-,-,-,"GDPD,Phytase-like"
J2S48_RS02845,,417.9713562,249.2894598,670.9942007,1.175542015,1.423778594,0.613778923,2.319692875,0.020357498,0.049699274,,,,,,,,,,,,,,,,
J2S48_RS22350,S,272.5598904,162.3966704,437.8047204,1.185122994,1.444832822,0.62292663,2.319426963,0.020371897,0.049699274,"COG4898@1|root,COG4898@2|Bacteria,2IKPX@201174|Actinobacteria,4F2IX@85016|Cellulomonadaceae",Uncharacterized protein conserved in bacteria (DUF2200),,-,-,-,-,-,-,-,-,-,-,-,-,DUF2200
J2S48_RS19750,S,134.9130447,31.81212826,289.5644193,1.982352262,3.210237787,1.384963843,2.31792173,0.020453575,0.049827304,"2D22U@1|root,3160H@2|Bacteria,2H7EW@201174|Actinobacteria",Tripartite tricarboxylate transporter TctB family,,-,-,-,-,-,-,-,-,-,-,-,-,TctB
